skill_id,user_id
8,2
16,2
19,2
20,2
1,2
5,2
7,2
15,2
6,2
14,2
10,2
9,2
2,2
17,2
11,2
12,2
3,2
4,2
55,2
18,2
19,3
7,3
5,3
3,3
13,3
11,3
14,3
1,3
15,3
8,3
20,3
55,3
6,3
4,3
12,3
10,3
9,3
2,3
17,3
3,4
5,4
2,4
16,4
11,4
12,4
8,4
9,4
14,4
18,4
4,4
6,4
20,4
17,4
1,4
15,4
7,5
9,5
2,5
6,5
3,5
12,5
18,5
13,5
8,5
17,5
14,5
5,5
20,5
15,5
1,5
11,5
19,5
55,5
16,5
10,5
2,6
55,6
18,6
14,6
20,6
9,6
16,6
19,6
12,6
13,6
15,6
6,6
7,6
1,6
11,6
10,6
3,6
4,6
8,6
17,6
5,6
6,7
18,7
9,7
15,7
4,7
2,7
17,7
13,7
16,7
19,7
7,7
5,7
55,7
1,7
14,7
10,7
5,8
16,8
18,8
4,8
7,8
2,8
17,8
15,8
9,8
20,8
55,8
13,8
10,8
6,8
12,9
15,9
16,9
11,9
5,9
19,9
1,9
6,9
55,9
8,9
20,9
18,9
9,9
10,9
2,9
3,9
13,9
7,9
14,10
1,10
16,10
8,10
20,10
7,10
19,10
55,10
6,10
4,10
2,10
5,10
12,10
15,10
3,10
9,10
11,10
10,10
5,11
20,11
10,11
3,11
6,11
11,11
4,11
19,11
1,11
8,11
16,11
18,11
14,11
12,11
7,12
16,12
13,12
4,12
14,12
19,12
10,12
18,12
55,12
6,12
8,12
5,12
11,12
3,12
12,12
11,13
17,13
10,13
18,13
5,13
19,13
12,13
20,13
55,13
2,13
8,13
9,13
6,13
15,13
16,13
1,13
7,13
10,14
4,14
17,14
12,14
11,14
16,14
7,14
13,14
18,14
19,14
14,14
20,14
8,14
3,14
5,14
1,14
2,14
6,14
6,15
5,15
19,15
2,15
3,15
9,15
14,15
8,15
7,15
13,15
10,15
4,15
55,15
11,15
15,15
18,15
20,15
12,15
17,15
9,16
2,16
19,16
11,16
16,16
13,16
12,16
7,16
14,16
10,16
18,16
20,16
15,16
6,16
55,16
1,16
17,16
17,17
55,17
10,17
1,17
13,17
5,17
3,17
16,17
11,17
15,17
12,17
9,17
4,17
7,17
8,17
6,17
20,17
6,18
8,18
9,18
14,18
3,18
19,18
16,18
4,18
5,18
20,18
7,18
17,18
15,18
55,18
11,18
1,18
5,19
18,19
12,19
7,19
3,19
13,19
16,19
15,19
8,19
2,19
9,19
6,19
19,19
4,19
17,19
11,19
20,19
10,19
55,19
1,19
1,20
7,20
8,20
55,20
4,20
3,20
15,20
14,20
16,20
6,20
20,20
12,20
9,20
5,20
17,21
11,21
7,21
12,21
2,21
4,21
6,21
8,21
5,21
16,21
15,21
3,21
18,21
19,21
13,21
10,21
1,21
20,21
55,21
9,21
14,21
36,22
35,22
33,22
23,22
32,22
27,22
179,22
24,22
9,22
39,22
31,22
29,22
30,22
25,22
22,22
28,22
37,22
21,22
34,22
33,23
30,23
26,23
179,23
35,23
37,23
28,23
82,23
9,23
31,23
23,23
32,23
22,23
24,23
34,23
38,23
36,23
39,23
21,23
29,23
27,23
28,24
27,24
33,24
36,24
21,24
25,24
35,24
34,24
38,24
30,24
32,24
22,24
39,24
29,24
26,24
9,24
24,24
179,24
82,24
9,25
32,25
26,25
179,25
35,25
33,25
24,25
82,25
25,25
36,25
37,25
29,25
27,25
21,25
30,25
28,25
34,25
23,25
39,25
22,25
38,25
31,25
23,26
38,26
39,26
32,26
27,26
30,26
37,26
22,26
24,26
33,26
9,26
29,26
25,26
34,26
82,26
36,26
179,26
21,26
35,26
31,26
9,27
35,27
39,27
28,27
33,27
30,27
37,27
38,27
36,27
22,27
82,27
24,27
25,27
31,27
32,27
29,27
21,27
179,27
26,27
9,28
37,28
179,28
33,28
22,28
30,28
34,28
21,28
39,28
26,28
82,28
24,28
28,28
38,28
23,28
29,28
35,28
31,28
27,28
25,28
39,29
23,29
34,29
26,29
82,29
28,29
31,29
37,29
32,29
24,29
21,29
25,29
38,29
36,29
35,29
30,29
9,29
29,29
27,29
30,30
28,30
23,30
29,30
33,30
179,30
9,30
38,30
39,30
21,30
35,30
31,30
36,30
24,30
26,30
82,30
32,30
38,31
22,31
35,31
26,31
24,31
23,31
21,31
33,31
32,31
36,31
30,31
28,31
27,31
25,31
82,31
37,31
34,31
39,31
21,32
179,32
23,32
38,32
24,32
31,32
9,32
25,32
28,32
27,32
32,32
26,32
39,32
82,32
36,32
35,32
34,32
33,32
24,33
37,33
26,33
27,33
39,33
30,33
31,33
21,33
28,33
38,33
23,33
22,33
179,33
36,33
33,33
34,33
32,33
25,33
29,33
9,33
35,33
48,34
40,34
43,34
44,34
46,34
45,34
8,34
41,34
45,35
43,35
46,35
1,35
8,35
44,35
47,35
42,36
40,36
47,36
1,36
43,36
46,36
41,36
8,36
48,36
44,36
45,36
43,37
46,37
40,37
47,37
45,37
8,37
44,37
1,37
42,37
41,37
48,37
8,38
42,38
44,38
40,38
1,38
45,38
47,38
48,38
46,38
43,38
58,39
6,39
49,39
51,39
55,39
61,39
62,39
54,39
52,39
50,39
13,39
86,39
53,39
57,39
59,39
60,39
58,40
54,40
57,40
49,40
53,40
59,40
62,40
61,40
60,40
52,40
56,40
13,40
55,40
13,41
52,41
58,41
59,41
56,41
51,41
60,41
55,41
53,41
61,41
50,41
86,41
49,41
51,42
58,42
53,42
50,42
54,42
62,42
56,42
55,42
86,42
60,42
52,42
6,42
57,42
61,43
59,43
60,43
86,43
62,43
6,43
57,43
50,43
53,43
55,43
13,43
56,43
51,43
52,43
13,44
61,44
49,44
58,44
57,44
60,44
50,44
6,44
86,44
59,44
53,44
56,44
51,44
54,44
50,45
51,45
55,45
60,45
6,45
86,45
54,45
61,45
56,45
58,45
13,45
53,45
59,45
57,45
62,45
68,46
67,46
19,46
23,46
1,46
66,46
7,46
65,46
72,46
6,46
69,46
71,46
64,46
63,46
55,46
55,47
1,47
68,47
7,47
70,47
66,47
6,47
64,47
71,47
72,47
23,47
19,47
63,47
67,47
66,48
70,48
63,48
64,48
67,48
23,48
69,48
6,48
68,48
65,48
19,48
72,48
67,49
64,49
6,49
55,49
63,49
65,49
7,49
71,49
69,49
1,49
66,49
23,49
19,49
68,49
70,49
72,49
68,50
1,50
66,50
23,50
69,50
65,50
55,50
70,50
71,50
63,50
64,50
19,50
7,50
6,50
67,50
72,50
6,51
70,51
67,51
64,51
65,51
69,51
55,51
71,51
66,51
72,51
7,51
1,51
80,52
83,52
81,52
84,52
77,52
78,52
88,52
79,52
7,52
87,52
76,52
73,52
82,52
53,52
75,52
89,52
86,52
74,52
81,53
87,53
80,53
83,53
78,53
77,53
73,53
53,53
20,53
13,53
88,53
89,53
74,53
52,53
79,53
85,53
82,53
75,53
7,53
12,53
76,53
86,54
81,54
12,54
75,54
13,54
84,54
77,54
53,54
73,54
89,54
83,54
88,54
20,54
74,54
7,54
82,54
79,54
78,54
85,54
76,54
52,54
13,55
75,55
74,55
52,55
83,55
81,55
12,55
77,55
79,55
53,55
82,55
7,55
89,55
76,55
86,55
84,55
73,55
80,55
88,55
87,55
20,55
78,55
75,56
73,56
53,56
80,56
85,56
20,56
88,56
12,56
76,56
81,56
79,56
84,56
89,56
77,56
82,56
86,56
13,56
87,57
74,57
83,57
80,57
82,57
77,57
88,57
52,57
12,57
75,57
13,57
76,57
81,57
73,57
79,57
7,57
85,57
78,57
12,58
86,58
74,58
77,58
13,58
75,58
85,58
79,58
84,58
89,58
78,58
88,58
53,58
73,58
52,58
87,58
81,58
80,58
7,58
82,58
76,58
20,58
20,59
85,59
88,59
87,59
83,59
12,59
81,59
74,59
76,59
78,59
73,59
7,59
80,59
75,59
89,59
77,59
78,60
83,60
85,60
87,60
20,60
81,60
79,60
7,60
12,60
13,60
88,60
89,60
80,60
52,60
86,60
84,60
74,60
77,60
76,60
73,60
82,60
51,61
97,61
98,61
93,61
103,61
101,61
90,61
100,61
99,61
96,61
105,61
62,61
95,61
104,61
22,61
47,61
102,61
92,61
94,61
91,61
93,62
101,62
97,62
100,62
91,62
47,62
22,62
95,62
62,62
90,62
92,62
96,62
99,62
102,62
104,62
51,62
93,63
22,63
94,63
104,63
99,63
98,63
105,63
95,63
97,63
91,63
100,63
92,63
90,63
101,63
103,63
51,63
47,63
62,63
51,64
62,64
98,64
96,64
95,64
99,64
94,64
105,64
91,64
90,64
100,64
22,64
102,64
101,64
22,65
101,65
90,65
102,65
51,65
99,65
94,65
96,65
92,65
95,65
97,65
103,65
100,65
105,65
104,65
91,65
47,65
93,65
98,65
100,66
92,66
99,66
22,66
101,66
95,66
93,66
102,66
94,66
98,66
97,66
47,66
96,66
62,66
97,67
51,67
100,67
105,67
62,67
90,67
22,67
91,67
103,67
96,67
99,67
104,67
93,67
94,67
101,67
92,67
98,67
47,67
102,67
93,68
96,68
92,68
91,68
105,68
94,68
102,68
62,68
51,68
104,68
95,68
47,68
100,68
22,68
97,68
103,68
99,69
97,69
103,69
95,69
104,69
92,69
98,69
51,69
22,69
96,69
47,69
101,69
105,69
91,69
93,69
90,69
62,69
102,69
100,69
94,69
112,70
113,70
107,70
115,70
108,70
110,70
117,70
114,70
106,70
116,70
109,71
117,71
108,71
115,71
107,71
114,71
113,71
106,71
109,72
115,72
108,72
112,72
117,72
110,72
116,72
106,72
114,72
113,72
111,72
107,72
117,73
108,73
109,73
111,73
106,73
107,73
112,73
115,73
113,73
116,73
114,73
108,74
113,74
114,74
115,74
116,74
109,74
110,74
106,74
111,74
115,75
110,75
114,75
112,75
108,75
111,75
116,75
117,75
106,75
113,75
106,76
111,76
114,76
108,76
112,76
110,76
116,76
107,76
109,76
115,76
114,77
112,77
116,77
110,77
113,77
111,77
106,77
107,77
108,77
115,77
117,77
109,77
110,78
113,78
112,78
114,78
117,78
109,78
107,78
111,78
115,78
116,78
117,79
106,79
108,79
111,79
115,79
114,79
107,79
116,79
109,79
112,79
117,80
110,80
115,80
116,80
109,80
108,80
111,80
114,80
109,81
113,81
116,81
115,81
110,81
108,81
117,81
114,81
118,82
127,82
121,82
119,82
124,82
120,82
122,82
128,82
179,82
120,83
118,83
124,83
179,83
126,83
128,83
127,83
122,83
125,83
123,83
121,83
128,84
129,84
119,84
125,84
127,84
120,84
179,84
123,84
121,84
124,84
126,84
118,84
122,84
123,85
121,85
120,85
127,85
129,85
126,85
179,85
122,85
125,85
119,85
118,85
128,85
124,85
128,86
125,86
127,86
119,86
124,86
123,86
121,86
126,86
118,86
124,87
126,87
120,87
129,87
119,87
128,87
123,87
122,87
118,87
121,87
179,87
127,87
125,87
123,88
125,88
127,88
121,88
126,88
119,88
179,88
118,88
128,88
124,88
129,88
122,88
127,89
124,89
119,89
125,89
120,89
126,89
122,89
118,89
128,89
123,89
121,89
179,89
135,90
130,90
134,90
27,90
133,90
136,90
131,90
138,90
139,90
140,90
137,90
26,90
132,90
26,91
131,91
140,91
139,91
132,91
130,91
136,91
133,91
134,91
137,91
134,92
131,92
136,92
26,92
133,92
137,92
138,92
132,92
140,92
135,92
139,92
27,92
130,92
131,93
137,93
26,93
27,93
139,93
134,93
132,93
133,93
138,93
137,94
134,94
135,94
27,94
130,94
133,94
132,94
26,94
138,94
131,94
26,95
138,95
27,95
137,95
136,95
139,95
134,95
132,95
133,95
135,95
131,95
140,95
130,95
142,96
148,96
143,96
146,96
141,96
150,96
149,96
141,97
144,97
148,97
149,97
147,97
143,97
150,97
143,98
145,98
151,98
147,98
148,98
146,98
144,98
142,98
149,98
162,99
158,99
154,99
160,99
152,99
156,99
159,99
157,99
160,101
161,101
153,101
155,101
152,101
159,101
156,101
161,102
153,102
155,102
160,102
156,102
158,102
162,102
157,102
159,103
153,103
158,103
152,103
161,103
156,103
154,103
162,103
160,103
157,103
155,103
161,104
162,104
152,104
154,104
159,104
156,104
153,104
160,104
158,104
173,105
176,105
165,105
167,105
170,105
164,105
171,105
169,105
168,105
166,105
172,105
163,105
29,105
179,105
172,106
173,106
29,106
165,106
171,106
166,106
163,106
169,106
179,106
176,106
167,106
168,106
164,106
170,106
176,107
29,107
179,107
164,107
170,107
169,107
166,107
165,107
168,107
171,107
170,108
176,108
166,108
164,108
29,108
163,108
171,108
172,109
163,109
167,109
171,109
173,109
166,109
176,109
169,109
165,109
163,110
176,110
29,110
170,110
179,110
167,110
164,110
173,110
169,110
178,111
181,111
182,111
180,111
172,111
179,111
176,111
27,112
132,112
140,112
131,112
136,112
130,112
171,113
179,113
168,113
169,113
29,113
164,113
173,113
128,114
118,114
126,114
127,114
124,114
123,114
121,114
179,114
125,114
7,115
15,115
11,115
19,115
14,115
18,115
20,115
3,115
16,115
8,115
4,115
10,115
96,116
47,116
101,116
104,116
102,116
62,116
92,116
94,116
103,116
22,116
99,116
105,116
100,116
93,116
91,116
98,116
15,117
19,117
3,117
5,117
12,117
2,117
4,117
8,117
9,117
6,117
11,117
17,117
10,117
16,117
18,117
55,117
48,118
1,118
43,118
40,118
42,118
44,118
47,118
143,119
142,119
149,119
146,119
147,119
71,120
69,120
55,120
1,120
7,120
72,120
67,120
19,120
65,120
68,120
2,121
8,121
11,121
15,121
19,121
20,121
18,121
17,121
13,121
10,121
1,121
7,121
5,121
16,121
9,121
96,122
92,122
102,122
93,122
62,122
99,122
47,122
100,122
104,122
91,122
105,122
16,123
11,123
10,123
6,123
4,123
12,123
2,123
55,123
3,123
9,123
13,123
17,123
14,123
19,123
5,123
66,124
63,124
6,124
64,124
72,124
71,124
69,124
55,124
67,124
1,124
19,124
65,124
82,125
81,125
20,125
74,125
76,125
89,125
83,125
78,125
13,125
12,125
73,125
84,125
85,125
86,125
52,125
80,125
89,126
7,126
78,126
82,126
77,126
76,126
79,126
88,126
87,126
20,126
83,126
52,126
73,126
85,126
75,126
13,126
61,127
56,127
52,127
86,127
53,127
13,127
6,127
50,127
60,127
59,127
54,127
51,127
57,127
166,128
179,128
164,128
169,128
163,128
173,128
172,128
111,129
106,129
107,129
116,129
110,129
113,129
117,129
108,129
114,129
172,130
170,130
164,130
167,130
179,130
29,130
166,130
165,130
168,130
164,131
29,131
169,131
163,131
172,131
166,131
179,131
123,132
129,132
120,132
179,132
125,132
118,132
124,132
128,133
129,133
122,133
127,133
123,133
118,133
179,133
121,133
120,133
92,134
22,134
101,134
62,134
102,134
51,134
97,134
105,134
47,134
95,134
98,134
96,134
90,134
94,134
21,135
23,135
179,135
27,135
24,135
34,135
26,135
39,135
25,135
30,135
31,135
36,135
29,135
9,135
165,136
171,136
163,136
169,136
179,136
167,136
173,136
164,136
176,136
37,137
29,137
22,137
82,137
35,137
25,137
32,137
28,137
33,137
21,137
31,137
24,137
34,137
23,137
26,137
39,137
9,137
76,138
85,138
78,138
81,138
88,138
75,138
53,138
20,138
87,138
80,138
82,138
74,138
52,138
84,138
79,138
8,139
1,139
11,139
5,139
12,139
16,139
17,139
2,139
7,139
4,139
20,139
13,139
14,139
10,139
3,139
132,140
140,140
138,140
135,140
26,140
130,140
139,140
137,140
131,141
138,141
26,141
136,141
140,141
133,141
134,141
137,141
130,141
132,141
52,142
80,142
79,142
74,142
83,142
81,142
20,142
12,142
85,142
73,142
7,142
75,142
87,142
114,143
109,143
112,143
115,143
110,143
111,143
113,143
145,144
143,144
149,144
148,144
147,144
142,144
150,144
141,144
10,145
2,145
14,145
11,145
8,145
16,145
15,145
55,145
4,145
7,145
12,145
53,146
6,146
52,146
61,146
13,146
62,146
60,146
51,146
54,146
55,146
50,146
23,147
24,147
34,147
9,147
25,147
37,147
31,147
26,147
27,147
32,147
82,147
106,148
113,148
116,148
108,148
115,148
107,148
117,148
81,149
79,149
20,149
82,149
73,149
78,149
84,149
53,149
7,149
86,149
83,149
12,149
87,149
77,149
108,150
115,150
117,150
116,150
110,150
114,150
111,150
113,150
106,150
109,151
116,151
111,151
110,151
114,151
106,151
115,151
113,151
98,152
103,152
91,152
93,152
94,152
95,152
100,152
97,152
105,152
104,152
102,152
18,153
10,153
9,153
4,153
13,153
20,153
6,153
15,153
2,153
8,153
3,153
7,153
16,153
1,153
12,153
55,153
176,154
167,154
171,154
169,154
29,154
172,154
170,154
168,154
96,155
103,155
51,155
95,155
94,155
105,155
92,155
100,155
98,155
90,155
99,155
47,155
104,155
102,155
91,155
22,155
52,156
88,156
53,156
12,156
74,156
83,156
79,156
82,156
78,156
76,156
81,156
85,156
7,156
109,157
106,157
113,157
110,157
112,157
108,157
116,157
115,157
111,157
162,158
152,158
159,158
161,158
155,158
101,159
97,159
96,159
91,159
22,159
100,159
103,159
95,159
105,159
51,159
90,159
94,159
92,159
102,159
12,160
19,160
16,160
8,160
14,160
55,160
3,160
4,160
13,160
17,160
11,160
2,160
9,160
6,160
7,160
18,160
47,161
42,161
46,161
43,161
44,161
45,161
20,162
5,162
6,162
10,162
18,162
4,162
12,162
11,162
55,162
19,162
3,162
17,162
14,162
13,162
69,163
66,163
6,163
64,163
70,163
71,163
19,163
68,163
109,164
108,164
111,164
115,164
110,164
114,164
112,164
96,165
98,165
47,165
101,165
62,165
92,165
99,165
22,165
100,165
97,165
51,165
69,166
55,166
67,166
19,166
23,166
63,166
68,166
7,166
66,166
110,167
113,167
114,167
112,167
116,167
111,167
106,167
107,167
115,167
58,168
56,168
51,168
60,168
49,168
62,168
53,168
54,168
59,168
86,168
6,168
50,168
13,168
31,169
24,169
25,169
9,169
23,169
179,169
28,169
35,169
21,169
30,169
27,169
39,169
33,169
152,170
154,170
162,170
157,170
156,170
155,170
127,171
129,171
125,171
123,171
119,171
118,171
120,171
122,171
86,172
61,172
13,172
53,172
57,172
6,172
59,172
55,172
9,173
17,173
15,173
12,173
4,173
7,173
1,173
19,173
10,173
5,173
8,173
18,173
55,173
14,173
6,173
179,174
129,174
120,174
118,174
123,174
125,174
57,175
56,175
86,175
55,175
62,175
13,175
52,175
6,175
61,175
53,175
109,176
112,176
113,176
111,176
106,176
107,176
108,176
117,176
6,177
16,177
15,177
17,177
55,177
18,177
7,177
1,177
3,177
9,177
20,177
5,177
12,177
8,177
2,177
19,177
128,178
118,178
121,178
124,178
125,178
122,178
127,178
123,178
179,179
28,179
22,179
35,179
9,179
29,179
82,179
36,179
24,179
23,179
27,179
30,179
34,179
37,179
32,179
39,179
31,179
22,180
38,180
32,180
21,180
36,180
33,180
30,180
37,180
28,180
25,180
82,180
24,180
9,180
179,180
34,181
24,181
39,181
28,181
35,181
82,181
37,181
179,181
30,181
29,181
33,181
31,181
26,181
150,182
143,182
147,182
145,182
144,182
142,182
149,182
9,183
23,183
21,183
24,183
31,183
39,183
32,183
29,183
33,183
38,183
27,183
152,184
154,184
155,184
160,184
161,184
158,184
153,184
42,185
45,185
48,185
1,185
40,185
8,186
14,186
19,186
2,186
4,186
1,186
11,186
18,186
10,186
9,186
12,186
55,187
2,187
15,187
19,187
5,187
12,187
14,187
16,187
13,187
3,187
11,187
9,187
18,187
10,187
17,188
14,188
3,188
19,188
15,188
55,188
12,188
2,188
4,188
7,188
9,188
11,188
1,188
16,188
20,188
27,189
130,189
139,189
26,189
134,189
138,189
135,189
133,189
137,189
24,190
21,190
34,190
25,190
38,190
35,190
30,190
179,190
9,190
32,190
31,190
29,190
33,190
5,191
55,191
16,191
6,191
10,191
9,191
8,191
19,191
13,191
17,191
15,191
20,191
11,191
18,191
1,191
91,192
95,192
104,192
97,192
100,192
62,192
93,192
103,192
94,192
99,192
51,192
96,192
92,192
47,192
90,192
22,192
11,193
7,193
16,193
20,193
4,193
6,193
10,193
18,193
8,193
13,193
1,193
3,193
5,193
17,193
15,193
2,193
50,194
13,194
52,194
58,194
53,194
6,194
51,194
59,194
57,194
117,195
115,195
114,195
110,195
112,195
111,195
113,195
108,195
107,195
123,196
124,196
127,196
122,196
118,196
121,196
125,196
128,196
179,196
129,196
73,197
20,197
53,197
85,197
76,197
7,197
83,197
78,197
81,197
13,197
74,197
79,197
84,197
80,197
12,197
174,198
178,198
176,198
175,198
177,198
182,198
179,198
171,198
138,199
26,199
135,199
136,199
140,199
137,199
133,199
132,201
131,201
134,201
137,201
135,201
138,201
133,201
136,201
140,201
130,201
53,202
60,202
49,202
57,202
55,202
59,202
52,202
62,202
50,202
61,202
51,202
8,203
7,203
20,203
16,203
19,203
4,203
12,203
3,203
1,203
5,203
11,203
15,203
18,203
17,203
179,204
82,204
23,204
31,204
35,204
21,204
29,204
27,204
36,204
22,204
24,204
25,204
116,205
112,205
111,205
117,205
110,205
114,205
107,205
108,205
65,206
68,206
23,206
71,206
6,206
55,206
72,206
67,206
63,206
69,206
1,206
109,207
106,207
113,207
116,207
110,207
107,207
115,207
108,207
112,207
14,208
20,208
9,208
18,208
19,208
16,208
1,208
13,208
17,208
7,208
104,209
22,209
105,209
98,209
100,209
93,209
92,209
103,209
62,209
51,209
97,209
91,209
95,209
102,209
42,210
8,210
40,210
1,210
44,210
47,210
1,211
2,211
8,211
5,211
9,211
14,211
4,211
11,211
16,211
18,211
20,211
32,212
34,212
27,212
179,212
9,212
25,212
39,212
29,212
30,212
28,212
23,212
31,212
24,212
35,212
85,213
86,213
88,213
52,213
77,213
12,213
78,213
81,213
79,213
75,213
84,213
80,213
82,213
89,213
155,214
153,214
158,214
161,214
154,214
162,214
81,215
86,215
78,215
52,215
73,215
76,215
7,215
88,215
85,215
75,215
80,215
19,216
20,216
12,216
7,216
55,216
5,216
16,216
4,216
18,216
3,216
15,216
2,216
24,217
179,217
37,217
21,217
30,217
25,217
36,217
33,217
29,217
32,217
26,217
121,218
129,218
118,218
124,218
127,218
123,218
125,218
179,218
157,219
155,219
156,219
161,219
153,219
159,219
162,219
65,220
70,220
7,220
19,220
67,220
55,220
66,220
1,220
71,220
69,220
64,220
68,220
8,221
43,221
48,221
42,221
47,221
46,221
92,222
104,222
94,222
99,222
51,222
22,222
98,222
62,222
101,222
105,222
117,223
106,223
109,223
114,223
108,223
107,223
112,223
162,224
159,224
155,224
160,224
157,224
161,224
154,224
156,224
26,225
133,225
135,225
140,225
131,225
27,225
132,225
10,226
55,226
7,226
15,226
12,226
8,226
17,226
18,226
16,226
14,226
11,226
4,226
21,227
30,227
23,227
39,227
179,227
36,227
33,227
26,227
22,227
38,227
82,227
35,227
34,227
123,228
179,228
128,228
127,228
121,228
119,228
126,228
122,228
129,228
23,229
39,229
37,229
22,229
38,229
31,229
82,229
30,229
25,229
27,229
34,229
9,229
35,229
26,229
21,229
67,230
71,230
1,230
69,230
66,230
55,230
65,230
72,230
9,231
17,231
5,231
14,231
15,231
7,231
12,231
55,231
3,231
4,231
52,232
87,232
89,232
74,232
88,232
12,232
53,232
13,232
20,232
82,232
7,232
86,232
77,232
84,232
78,232
115,233
112,233
111,233
109,233
114,233
116,233
14,234
2,234
9,234
4,234
10,234
15,234
55,234
16,234
5,234
12,234
7,234
3,234
43,235
44,235
1,235
41,235
47,235
46,235
36,236
37,236
21,236
82,236
32,236
27,236
25,236
38,236
39,236
29,236
22,236
33,237
29,237
30,237
179,237
38,237
9,237
36,237
25,237
31,237
32,237
28,237
24,237
22,237
26,237
21,237
100,238
99,238
47,238
102,238
104,238
93,238
97,238
51,238
22,238
101,238
62,238
92,238
90,238
103,238
91,238
10,239
13,239
18,239
1,239
19,239
4,239
12,239
6,239
8,239
9,239
15,239
20,239
16,239
5,239
115,240
109,240
108,240
110,240
107,240
112,240
71,241
65,241
66,241
6,241
23,241
7,241
72,241
70,241
84,242
13,242
88,242
53,242
83,242
89,242
20,242
78,242
73,242
82,242
79,242
77,242
80,242
81,242
87,242
7,242
74,242
12,242
13,243
1,243
4,243
6,243
7,243
5,243
12,243
15,243
10,243
18,243
55,243
16,243
17,243
2,243
14,243
3,243
12,244
11,244
10,244
20,244
13,244
15,244
4,244
1,244
17,244
19,244
3,244
9,244
18,244
55,244
6,244
112,245
110,245
115,245
111,245
114,245
113,245
106,245
108,245
24,246
38,246
26,246
21,246
32,246
30,246
27,246
179,246
37,246
29,246
28,246
9,246
36,246
22,246
25,246
35,246
121,247
123,247
118,247
179,247
129,247
125,247
119,247
86,248
12,248
78,248
88,248
85,248
75,248
7,248
73,248
80,248
53,248
89,248
77,248
83,248
74,248
76,248
5,249
20,249
10,249
19,249
12,249
16,249
18,249
14,249
3,249
2,249
55,249
26,250
27,250
132,250
133,250
135,250
134,250
137,250
139,250
138,250
53,251
58,251
54,251
55,251
60,251
86,251
49,251
51,251
62,251
59,251
56,251
45,252
1,252
41,252
44,252
43,252
40,252
8,252
117,253
107,253
106,253
111,253
114,253
116,253
113,253
109,253
108,253
85,254
76,254
82,254
73,254
52,254
79,254
80,254
53,254
75,254
84,254
87,254
78,254
83,254
74,254
12,254
7,254
81,254
88,254
108,255
110,255
106,255
113,255
107,255
116,255
112,255
109,255
98,256
105,256
93,256
22,256
95,256
91,256
94,256
96,256
97,256
51,256
100,256
90,256
99,256
103,256
92,256
123,257
119,257
126,257
125,257
128,257
122,257
124,257
179,257
121,257
182,258
174,258
181,258
176,258
172,258
23,259
21,259
37,259
28,259
82,259
30,259
26,259
25,259
36,259
31,259
39,259
179,259
24,259
32,259
11,260
8,260
4,260
15,260
5,260
20,260
3,260
55,260
10,260
9,260
12,260
114,261
117,261
112,261
110,261
108,261
109,261
60,262
6,262
56,262
62,262
52,262
61,262
54,262
55,262
53,262
49,262
57,262
59,262
50,262
18,263
10,263
19,263
3,263
8,263
4,263
1,263
13,263
17,263
5,263
11,263
55,263
15,263
20,263
12,263
172,264
169,264
164,264
171,264
163,264
179,264
29,264
168,264
122,265
118,265
129,265
119,265
125,265
128,265
13,266
49,266
55,266
54,266
58,266
50,266
86,266
52,266
51,266
57,266
56,266
125,267
124,267
128,267
118,267
126,267
122,267
2,268
7,268
1,268
13,268
12,268
8,268
16,268
20,268
18,268
19,268
11,268
3,268
17,268
4,268
14,268
131,269
139,269
132,269
27,269
134,269
133,269
31,270
25,270
24,270
39,270
33,270
29,270
34,270
28,270
26,270
179,270
27,270
41,271
48,271
47,271
40,271
44,271
56,272
53,272
13,272
50,272
59,272
58,272
55,272
6,272
49,272
51,272
52,272
18,273
12,273
4,273
55,273
14,273
20,273
1,273
11,273
15,273
9,273
7,273
8,273
3,273
125,274
118,274
119,274
123,274
126,274
121,274
73,275
20,275
75,275
81,275
84,275
89,275
74,275
52,275
12,275
85,275
77,275
53,275
88,275
78,275
76,275
13,275
83,275
98,276
22,276
92,276
99,276
96,276
95,276
100,276
47,276
51,276
104,276
101,276
97,276
105,276
103,276
93,276
156,277
155,277
160,277
159,277
157,277
55,278
60,278
61,278
86,278
6,278
59,278
56,278
58,278
156,279
155,279
157,279
158,279
161,279
154,279
159,279
153,280
157,280
156,280
161,280
155,280
154,280
162,280
160,280
126,281
128,281
119,281
124,281
127,281
122,281
123,281
125,281
120,281
87,282
89,282
7,282
79,282
20,282
52,282
84,282
74,282
73,282
75,282
78,282
88,282
76,282
81,282
63,283
71,283
70,283
55,283
66,283
23,283
67,283
6,283
65,283
68,283
7,284
76,284
80,284
20,284
78,284
85,284
88,284
73,284
79,284
53,284
81,284
75,284
83,284
12,284
86,284
11,285
9,285
20,285
12,285
18,285
3,285
55,285
19,285
16,285
4,285
7,285
5,285
22,286
90,286
92,286
62,286
94,286
97,286
102,286
98,286
105,286
100,286
144,287
149,287
143,287
151,287
148,287
147,287
150,287
141,287
22,288
27,288
35,288
38,288
29,288
25,288
34,288
30,288
32,288
179,288
23,288
39,288
26,289
30,289
25,289
31,289
37,289
33,289
34,289
32,289
39,289
179,289
36,289
27,289
9,289
148,290
146,290
143,290
150,290
142,290
141,290
167,291
166,291
168,291
172,291
164,291
171,291
173,291
115,292
113,292
108,292
110,292
107,292
111,292
112,292
109,292
129,293
119,293
123,293
122,293
127,293
120,293
121,293
124,293
118,293
126,293
33,294
34,294
82,294
25,294
31,294
38,294
37,294
30,294
32,294
29,294
26,294
132,295
26,295
133,295
134,295
131,295
27,295
56,296
54,296
61,296
53,296
57,296
59,296
52,296
49,296
9,297
7,297
2,297
10,297
18,297
4,297
1,297
19,297
17,297
20,297
3,297
8,297
110,298
117,298
116,298
106,298
111,298
112,298
87,299
86,299
52,299
85,299
73,299
80,299
91,301
94,301
101,301
90,301
103,301
99,301
102,301
51,301
176,302
29,302
173,302
169,302
167,302
163,302
170,302
86,303
60,303
13,303
56,303
58,303
53,303
57,303
6,303
62,303
103,304
105,304
47,304
96,304
97,304
99,304
102,304
51,304
90,304
98,304
9,305
23,305
25,305
21,305
28,305
38,305
27,305
36,305
31,305
37,305
153,306
152,306
154,306
157,306
155,306
161,306
169,307
164,307
29,307
173,307
14,308
9,308
12,308
4,308
17,308
3,308
1,308
10,308
6,308
18,308
115,309
108,309
113,309
45,310
43,310
42,310
48,310
40,310
41,310
55,311
65,311
6,311
13,312
82,312
7,312
75,312
53,312
86,312
20,312
26,313
135,313
97,314
102,314
99,314
91,314
62,314
101,314
51,314
98,314
104,314
12,315
2,315
8,315
1,315
13,315
17,315
3,315
66,316
70,316
71,316
55,316
63,316
19,316
64,316
67,316
65,316
96,317
102,317
97,317
98,317
95,317
101,317
103,317
40,318
41,318
46,318
42,318
15,319
19,319
7,319
16,319
11,319
18,319
10,319
1,319
12,319
9,319
55,319
107,320
106,320
109,320
110,320
117,320
26,321
24,321
32,321
39,321
37,321
34,321
82,321
35,321
11,322
10,322
20,322
6,322
55,322
7,322
8,322
3,322
4,322
13,322
1,322
15,322
130,323
136,323
133,323
6,324
15,324
4,324
17,324
11,324
3,324
8,324
19,324
5,324
14,324
108,325
110,325
18,326
10,326
15,326
13,326
148,327
151,327
145,327
142,327
29,328
166,328
169,328
71,329
55,329
64,329
70,329
68,329
1,329
65,329
23,329
173,330
167,330
165,330
19,331
10,331
18,331
16,331
152,332
158,332
160,332
153,332
154,332
156,332
47,333
22,333
90,333
105,333
99,333
91,333
4,334
3,334
9,334
20,334
2,334
16,334
19,334
7,334
85,335
74,335
75,335
80,335
7,335
7,336
83,336
75,336
88,336
20,336
80,336
12,336
73,336
74,336
50,337
54,337
6,337
55,337
62,337
86,337
58,337
52,337
61,337
13,337
119,338
128,338
127,338
124,338
120,338
126,338
125,338
113,339
117,339
110,339
12,340
55,340
19,340
7,340
2,340
10,340
11,340
20,340
124,341
120,341
7,342
11,342
5,342
17,342
3,342
14,342
2,342
10,342
6,342
12,342
39,343
37,343
32,343
21,343
82,343
23,343
31,343
179,343
34,343
38,343
25,343
33,343
30,343
13,344
15,344
14,344
55,344
3,344
2,344
5,344
25,345
35,345
179,345
27,345
82,345
23,345
37,345
38,345
26,345
9,345
30,345
33,345
19,346
63,346
6,346
72,346
66,346
7,346
134,347
140,347
26,347
157,348
155,348
153,348
161,348
20,349
8,349
4,349
17,349
6,349
11,349
13,349
116,350
110,350
106,350
114,350
113,350
6,351
17,351
1,351
5,351
3,351
8,352
41,352
43,352
44,352
47,352
152,353
158,353
159,353
162,353
153,353
110,354
117,354
123,355
127,355
17,356
2,356
6,356
4,356
15,356
14,356
16,356
7,356
6,357
67,357
65,357
70,357
23,357
66,357
55,357
1,357
20,358
4,358
18,358
11,358
5,358
17,358
13,358
1,358
98,359
90,359
100,359
93,359
101,359
95,359
96,359
102,359
143,360
145,360
151,360
144,360
148,360
23,361
30,361
37,361
26,361
29,361
39,361
24,361
35,361
179,361
34,361
90,362
62,362
22,362
98,362
103,362
91,362
97,362
93,362
105,362
100,362
104,362
77,363
75,363
12,363
13,363
7,363
73,363
52,363
20,363
83,363
42,364
48,364
1,364
41,364
74,365
85,365
12,365
78,365
76,365
87,366
75,366
82,366
13,366
80,366
83,366
79,366
20,366
76,366
77,366
89,366
84,366
174,367
175,367
181,367
7,368
73,368
52,368
83,368
89,368
88,368
77,368
12,368
77,369
84,369
88,369
82,369
80,369
74,369
85,369
76,369
87,369
78,369
47,370
41,370
46,370
29,371
172,371
167,371
179,371
168,371
84,372
77,372
83,372
53,372
81,372
85,372
12,372
87,372
88,372
17,373
12,373
8,373
4,373
19,373
11,373
2,373
7,373
3,373
55,373
106,374
114,374
112,374
115,374
108,374
113,374
109,374
7,375
11,375
2,375
20,375
116,376
106,376
109,376
113,376
114,376
138,377
136,377
139,377
133,377
134,377
58,378
52,378
49,378
54,378
53,378
13,378
51,378
55,378
13,379
2,379
16,379
4,379
11,379
12,379
20,379
17,379
8,379
9,379
6,379
82,380
9,380
35,380
28,380
34,380
22,380
164,381
168,381
172,381
165,381
166,381
9,382
38,382
33,382
22,382
24,382
25,382
82,382
30,382
179,382
35,382
26,382
169,383
170,383
167,383
9,384
6,384
2,384
8,384
55,384
12,384
17,384
15,384
19,384
5,384
11,384
10,384
13,385
55,385
58,385
56,385
86,385
59,385
51,385
57,385
62,385
52,385
120,386
118,386
126,386
121,386
125,386
127,386
123,386
28,387
21,387
27,387
179,387
27,388
131,388
136,388
138,388
139,388
103,389
95,389
91,389
51,389
98,389
93,389
99,389
51,390
56,390
50,390
55,390
61,390
54,390
49,390
66,391
71,391
70,391
67,391
69,391
6,391
36,392
29,392
35,392
30,392
21,392
25,392
28,392
34,392
32,392
24,392
9,392
33,392
82,392
101,393
95,393
96,393
97,393
92,393
99,393
62,393
104,393
103,393
94,393
90,393
100,393
128,394
179,394
125,394
124,394
137,395
140,395
135,395
132,395
71,396
6,396
1,396
23,396
67,396
7,396
64,396
32,397
31,397
33,397
39,397
23,397
82,397
30,397
29,397
179,397
156,398
155,398
159,398
136,399
135,399
134,399
132,399
137,399
59,401
62,401
58,401
55,401
60,401
52,401
51,401
49,401
6,401
50,401
99,402
96,402
91,402
104,402
122,403
118,403
121,403
179,403
120,403
123,403
125,403
142,404
146,404
148,404
143,404
98,405
94,405
103,405
100,405
97,405
114,406
111,406
108,406
113,406
109,406
115,406
110,406
72,407
67,407
69,407
64,407
19,407
119,408
179,408
173,409
167,409
166,409
29,409
173,410
164,410
163,410
123,411
120,411
17,412
12,412
13,412
11,412
3,412
18,412
7,412
5,413
10,413
12,413
13,413
4,413
6,413
20,413
14,413
9,413
1,414
46,414
47,414
26,415
137,415
27,415
25,416
34,416
24,416
28,416
9,416
37,416
150,417
151,417
145,417
142,417
143,417
146,417
13,418
51,418
54,418
52,418
58,418
55,418
50,418
60,418
86,418
9,419
18,419
20,419
12,419
55,419
11,419
1,419
14,419
3,419
51,420
102,420
47,420
101,420
105,420
104,420
90,420
94,420
8,421
13,421
15,421
12,421
6,421
19,421
9,421
18,421
55,421
2,421
10,421
25,422
37,422
22,422
31,422
35,422
9,422
24,422
33,422
21,422
82,422
29,422
164,423
172,423
163,423
169,423
115,424
114,424
109,424
113,424
3,425
14,425
8,425
4,425
33,426
23,426
39,426
21,426
38,426
25,426
37,426
3,427
9,427
7,427
10,427
17,427
16,427
20,427
1,427
80,428
85,428
75,428
76,428
107,429
117,429
113,429
108,429
115,429
26,430
9,430
34,430
32,430
36,430
28,430
25,430
30,430
29,430
31,430
39,430
33,430
82,430
157,431
155,431
161,431
162,431
63,432
65,432
19,432
7,432
1,432
67,432
9,433
18,433
17,433
12,433
55,433
16,433
1,433
5,433
8,433
110,434
115,434
106,434
116,434
110,435
106,435
113,435
109,435
116,435
114,436
107,436
49,437
54,437
61,437
6,437
51,437
22,438
96,438
99,438
47,438
105,438
12,439
13,439
2,439
15,439
5,439
19,439
11,439
17,439
14,439
4,439
40,440
1,440
42,440
48,440
41,440
112,441
116,441
106,441
117,441
157,442
155,442
161,442
154,442
152,442
51,443
61,443
62,443
6,443
13,443
163,444
173,444
179,444
168,444
171,444
19,445
8,445
7,445
16,445
18,445
6,445
14,445
3,445
12,445
96,446
104,446
103,446
98,446
94,446
15,447
8,447
3,447
14,447
6,447
20,447
2,447
1,447
11,447
13,447
10,447
7,447
9,448
7,448
13,448
15,448
18,448
17,448
14,448
79,449
76,449
53,449
88,449
86,449
80,449
20,449
75,449
81,449
89,449
87,449
12,449
1,450
12,450
4,450
9,450
11,450
10,450
7,450
23,451
25,451
24,451
31,451
32,451
108,452
117,452
116,452
114,452
110,452
86,453
62,453
58,453
55,453
13,453
124,454
179,454
128,454
53,455
73,455
77,455
76,455
87,455
20,455
80,455
81,455
85,455
79,455
13,455
83,455
140,456
138,456
26,456
133,456
97,457
104,457
99,457
95,457
39,458
26,458
25,458
23,458
30,458
21,458
34,458
24,458
9,458
67,459
1,459
66,459
138,460
139,460
134,460
136,460
145,461
151,461
141,461
144,461
147,461
46,462
43,462
48,462
8,462
88,463
85,463
82,463
78,463
124,464
129,464
179,464
119,464
121,464
126,464
128,464
179,465
126,465
121,465
113,466
114,466
111,466
108,466
110,466
107,466
116,466
128,467
127,467
126,467
18,468
8,468
55,468
4,468
17,468
2,468
12,468
15,468
13,468
10,468
100,469
104,469
51,469
102,469
97,469
105,469
48,470
40,470
47,470
46,470
41,470
172,471
171,471
29,471
167,471
170,471
169,471
164,471
173,471
15,472
10,472
16,472
2,472
55,472
157,473
153,473
162,473
27,474
139,474
132,474
135,474
113,475
106,475
115,475
114,475
107,475
111,475
117,475
30,476
31,476
38,476
179,476
34,476
23,476
82,476
25,476
26,476
24,476
27,476
35,476
32,476
173,477
169,477
167,477
172,477
171,477
166,477
16,478
15,478
18,478
20,478
55,478
2,478
7,478
10,478
112,479
113,479
107,479
114,479
110,479
109,479
117,479
28,480
29,480
21,480
26,480
130,481
131,481
140,481
134,481
27,481
121,482
124,482
122,482
34,483
179,483
30,483
22,483
16,484
10,484
11,484
12,484
3,484
19,484
55,484
14,484
128,485
119,485
126,485
129,485
123,485
124,485
127,485
181,486
182,486
174,486
69,487
1,487
72,487
6,487
7,487
19,487
87,488
79,488
84,488
73,488
82,488
76,488
77,488
8,489
47,489
40,489
41,489
84,490
53,490
7,490
13,490
87,490
20,490
85,490
86,490
78,490
88,490
57,491
50,491
62,491
60,491
56,491
54,491
61,491
13,491
53,491
52,491
10,492
12,492
19,492
8,492
20,492
55,492
3,492
16,492
9,492
5,492
17,492
49,493
13,493
59,493
58,493
56,493
54,493
156,494
152,494
155,494
153,494
62,495
59,495
58,495
101,496
90,496
103,496
97,496
93,496
92,496
23,497
68,497
65,497
55,497
112,498
106,498
109,498
116,498
115,498
69,499
68,499
66,499
55,499
19,499
179,501
27,501
9,501
23,501
21,501
39,501
25,501
36,501
24,501
28,501
38,501
115,502
114,502
113,502
110,502
111,502
109,502
20,503
80,503
53,503
81,503
75,503
76,503
83,503
13,503
88,503
84,503
82,503
85,503
32,504
38,504
82,504
29,504
37,504
50,505
60,505
58,505
82,506
30,506
35,506
9,506
29,506
39,506
22,506
31,506
157,507
160,507
154,507
152,507
161,507
159,507
27,508
140,508
130,508
138,508
150,509
142,509
145,509
110,510
117,510
111,510
107,510
112,510
108,510
47,511
99,511
93,511
91,511
103,511
104,511
101,511
96,511
90,511
51,511
17,512
6,512
16,512
15,512
14,512
4,512
12,512
13,512
7,512
10,512
8,512
149,513
151,513
81,514
77,514
86,514
85,514
2,515
18,515
19,515
20,515
6,515
4,515
13,515
7,515
8,515
12,515
15,515
103,516
47,516
101,516
104,516
99,516
95,516
51,516
92,516
96,516
105,516
108,517
111,517
116,517
13,518
6,518
86,518
54,518
157,519
156,519
155,519
110,520
114,520
13,521
18,521
11,521
14,521
20,521
68,522
65,522
6,522
4,523
17,523
13,523
12,523
93,524
91,524
103,524
101,524
22,524
46,525
44,525
45,525
1,525
8,526
55,526
16,526
4,526
9,526
5,526
19,526
55,527
9,527
16,527
11,527
31,528
179,528
9,528
39,528
37,528
38,528
33,528
29,528
32,528
26,528
82,528
9,529
179,529
82,529
30,529
25,529
33,529
36,529
108,530
111,530
25,531
29,531
34,531
36,531
22,531
26,531
37,531
39,531
82,531
27,531
28,531
1,532
8,532
41,532
4,533
7,533
11,533
15,533
20,533
18,533
3,533
8,533
17,533
6,533
13,533
22,534
33,534
82,534
25,534
21,534
28,534
24,534
53,535
52,535
7,535
87,535
89,535
83,535
78,535
76,535
74,535
84,535
125,536
126,536
128,536
118,536
119,536
127,537
125,537
124,537
128,537
119,537
106,538
113,538
116,538
111,538
114,538
117,538
3,539
4,539
18,539
15,539
8,539
17,539
55,539
164,540
169,540
170,540
101,541
103,541
100,541
95,541
99,541
91,541
47,541
97,541
51,541
93,541
95,542
96,542
98,542
92,542
100,542
99,542
102,542
1,543
65,543
55,543
115,544
108,544
110,544
137,545
138,545
2,546
11,546
1,546
7,546
13,546
12,546
5,546
55,546
3,546
17,546
74,547
75,547
12,547
76,547
77,547
89,547
84,547
167,548
29,548
170,548
166,548
172,548
164,548
169,548
18,549
8,549
4,549
3,549
10,549
7,549
9,549
20,549
16,549
173,550
164,550
172,550
171,550
167,550
163,550
169,550
165,550
15,551
12,551
1,551
55,551
19,551
3,551
5,551
6,551
7,551
92,552
90,552
102,552
91,552
99,552
94,552
10,553
17,553
12,553
9,553
11,553
7,553
2,553
6,553
4,553
16,553
109,554
111,554
105,555
47,555
97,555
92,555
101,555
100,555
93,555
102,555
97,556
103,556
93,556
47,556
90,556
17,557
5,557
6,557
9,557
1,557
10,557
2,557
20,557
51,558
55,558
13,558
56,558
6,558
49,558
62,558
50,558
53,558
57,558
105,559
103,559
94,559
92,559
47,559
95,559
100,559
97,559
161,560
156,560
34,561
24,561
29,561
33,561
9,561
22,561
28,561
35,561
37,561
82,561
23,561
117,562
115,562
106,562
113,562
40,563
48,563
41,563
8,563
42,563
158,564
153,564
161,564
157,564
154,564
162,564
122,565
128,565
129,565
2,566
1,566
19,566
4,566
10,566
16,566
12,566
14,566
55,566
11,566
6,566
70,567
63,567
69,567
66,567
23,567
6,567
64,567
15,568
14,568
8,568
55,568
5,568
7,568
18,568
2,568
137,569
136,569
139,569
133,569
33,570
28,570
26,570
23,570
30,570
25,570
29,570
36,570
31,570
21,570
18,571
4,571
16,571
1,571
10,571
11,571
7,571
6,571
8,571
55,571
9,571
116,572
115,572
107,572
84,573
78,573
81,573
20,573
52,573
58,574
51,574
60,574
53,574
6,574
61,574
64,575
55,575
72,575
66,575
63,575
65,575
71,575
36,576
179,576
39,576
37,576
26,576
38,576
35,576
25,576
31,576
82,576
33,576
24,576
41,577
42,577
48,577
40,577
47,577
167,578
29,578
164,578
168,578
170,578
171,578
169,578
166,578
117,579
110,579
108,579
112,579
107,579
106,579
116,579
145,580
142,580
146,580
143,580
149,580
73,581
89,581
87,581
86,581
82,581
20,581
78,581
76,581
7,581
13,581
74,581
12,581
26,582
139,582
140,582
133,582
134,582
131,582
135,583
136,583
26,583
59,584
53,584
55,584
92,585
62,585
103,585
94,585
100,585
105,585
90,585
22,585
96,585
97,585
21,586
30,586
82,586
35,586
10,587
4,587
20,587
17,587
7,587
13,587
8,587
1,587
19,587
15,587
6,587
14,587
171,588
169,588
164,588
163,588
179,588
170,588
165,588
172,588
112,589
107,589
115,589
15,590
11,590
7,590
12,590
18,590
4,590
3,590
6,590
1,590
14,590
8,591
14,591
4,591
6,591
55,591
3,591
12,591
15,591
7,591
16,591
5,591
20,591
123,592
179,592
127,592
128,592
122,592
81,593
53,593
83,593
20,593
86,593
55,594
16,594
5,594
13,595
58,595
62,595
59,595
49,595
54,595
174,596
177,596
176,596
116,597
112,597
107,597
115,597
16,598
19,598
117,599
71,601
100,602
29,603
179,603
26,603
24,603
37,603
34,603
9,603
36,603
38,604
82,604
22,604
24,604
23,604
26,604
23,605
7,605
1,605
7,606
18,606
12,606
73,607
52,607
1,608
9,609
18,609
16,609
2,609
17,609
5,609
155,610
135,611
140,611
27,611
11,612
179,613
24,613
164,614
29,614
110,615
116,615
112,616
6,617
50,617
29,618
24,618
37,618
33,618
27,618
31,618
22,618
9,618
119,619
121,619
143,620
148,620
144,620
150,620
124,621
128,621
123,621
120,621
122,621
6,622
55,622
1,622
17,622
55,623
86,624
20,624
82,624
100,625
91,625
92,625
122,626
179,626
170,627
176,627
171,627
163,627
168,628
165,628
173,628
106,629
108,629
112,629
107,629
37,630
25,630
131,631
129,632
179,632
125,632
122,632
128,632
18,633
13,633
14,633
7,633
14,634
15,634
5,634
19,634
1,634
7,634
10,634
3,635
55,635
10,635
19,635
11,635
16,635
32,636
38,636
23,636
29,636
36,636
25,636
116,637
1,638
71,638
63,638
73,639
75,639
87,639
12,639
104,640
102,640
103,640
51,640
100,640
22,640
150,641
147,641
151,641
146,641
31,642
179,642
9,642
23,642
82,642
6,643
51,643
56,643
59,643
57,643
134,644
139,644
138,644
50,645
52,645
152,646
160,646
154,646
45,647
43,647
1,647
119,648
126,648
13,649
83,649
20,649
1,650
7,651
23,651
66,651
65,651
1,651
153,652
157,652
127,653
118,653
125,653
82,654
78,654
85,654
81,654
77,654
20,654
79,654
87,654
38,655
23,655
35,655
82,655
21,655
14,656
2,657
55,657
10,657
13,657
6,657
16,657
3,657
1,657
84,658
73,658
77,658
78,658
13,658
12,658
104,659
99,659
171,660
169,660
164,660
173,660
117,661
116,661
13,662
49,662
62,662
61,662
68,663
55,663
65,663
1,663
70,663
18,664
13,664
1,664
109,665
114,665
108,665
106,665
8,666
12,666
18,666
13,666
20,666
11,666
82,667
35,667
28,667
179,667
37,667
4,668
15,668
2,668
13,668
19,668
3,668
9,668
8,668
114,669
113,669
116,669
12,670
13,670
6,670
16,670
19,670
15,670
4,670
17,670
151,671
141,672
179,673
118,673
124,673
52,674
61,674
156,675
1,676
8,677
7,677
108,678
117,678
24,679
30,679
26,679
38,679
29,679
100,680
101,680
98,680
99,680
105,680
175,681
160,682
153,682
156,682
7,683
48,684
46,684
110,685
109,685
112,685
113,685
51,686
47,686
105,686
22,686
90,687
100,687
103,687
105,687
98,687
22,687
101,687
54,688
49,688
57,688
8,689
10,689
135,690
139,690
140,690
27,690
132,690
100,691
103,691
94,691
22,691
90,691
102,691
99,691
91,691
52,692
50,692
61,692
54,692
53,692
4,693
154,694
58,695
51,695
4,696
3,696
111,697
110,698
106,698
107,698
82,699
14,701
11,701
6,701
55,701
13,701
3,701
9,702
39,702
26,702
27,702
32,702
33,702
36,702
47,703
45,703
44,703
43,703
176,704
173,704
170,704
172,704
168,704
32,705
9,706
11,706
26,707
24,707
179,707
32,707
28,707
82,707
30,707
9,707
11,708
3,708
13,708
18,708
8,708
179,709
119,709
128,709
13,710
85,710
20,710
53,710
81,710
141,711
113,712
117,712
51,713
99,713
102,713
4,714
2,714
6,714
16,714
15,715
3,715
118,716
129,716
121,716
119,716
127,716
98,717
51,717
97,717
103,717
86,718
80,718
87,718
84,718
88,718
74,718
79,718
87,719
13,719
20,719
12,719
7,720
12,720
87,720
13,720
78,720
53,721
173,722
29,722
176,722
19,723
14,723
16,723
18,723
26,724
131,724
135,724
139,724
136,724
31,725
14,726
18,726
55,726
17,726
16,726
1,726
12,727
82,727
87,727
134,728
139,728
123,729
6,730
72,730
68,730
1,730
55,730
23,730
1,731
42,731
179,732
130,733
127,734
118,734
126,734
125,734
37,735
35,735
32,735
33,735
29,735
23,735
36,735
30,735
126,736
124,736
12,737
10,737
17,737
14,737
16,737
13,737
11,737
8,737
83,738
75,738
12,738
76,738
79,738
82,738
29,739
33,739
30,739
38,739
25,739
34,739
160,740
161,740
159,740
153,740
52,741
87,741
85,741
76,741
12,741
74,741
81,741
7,741
136,742
134,742
131,742
140,742
140,743
133,743
119,744
124,744
120,744
126,744
179,744
86,745
78,745
52,745
75,745
77,745
79,745
81,745
84,745
68,746
23,746
71,746
7,746
14,747
12,747
11,747
17,747
19,747
19,748
111,749
108,749
113,749
164,750
179,750
176,750
165,750
29,750
34,751
36,751
28,751
82,751
90,752
104,752
91,752
163,753
176,753
165,753
166,753
67,754
71,754
7,754
169,755
163,755
110,756
55,757
86,757
56,757
53,757
19,758
62,759
51,759
154,760
162,760
45,761
47,761
40,761
43,761
116,762
110,762
13,763
82,763
88,763
53,763
87,763
84,763
75,763
7,763
127,764
126,764
179,764
122,764
9,765
3,765
4,765
8,766
98,767
103,767
95,767
90,767
104,767
22,767
30,768
116,769
108,769
82,770
9,770
179,770
34,770
26,770
22,770
37,770
