course_id,department_id
1,5
2,2
2,3
2,7
3,3
3,7
3,14
4,5
4,6
5,2
5,4
5,8
6,3
6,10
6,11
6,12
7,2
7,3
7,7
7,9
7,12
8,3
8,11
9,8
10,6
11,2
11,6
12,2
12,7
13,2
13,6
14,6
15,6
15,7
16,7
17,6
18,5
19,9
19,14
20,3
20,5
20,7
21,6
22,2
23,3
24,3
24,5
24,7
24,8
25,6
26,2
26,5
26,6
26,7
27,6
28,3
28,6
28,10
28,11
28,12
29,3
29,15
30,8
31,8
32,2
32,7
33,2
33,6
33,7
33,9
34,3
35,2
35,7
35,13
36,2
36,7
36,9
37,3
37,5
37,12
38,3
39,7
40,5
40,6
41,2
41,7
42,2
42,3
42,7
43,10
43,11
43,12
44,2
44,6
44,7
44,9
45,15
46,6
47,15
48,2
48,7
48,9
49,8
50,3
51,5
51,15
52,2
53,6
54,6
55,15
56,15
57,5
57,7
58,6
59,3
59,9
60,3
60,6
61,2
61,9
62,6
63,2
63,7
64,3
64,5
64,6
65,7
66,9
67,6
67,7
68,5
69,2
69,3
69,9
70,2
70,7
71,5
72,6
72,7
72,8
73,9
74,6
75,3
75,4
75,12
76,6
77,14
78,6
79,6
79,8
80,14
81,5
82,6
83,14
84,3
84,13
85,3
85,10
85,11
85,12
86,14
87,5
87,9
88,2
89,5
89,6
89,8
90,5
91,6
92,5
93,15
94,2
94,7
95,5
95,8
96,3
97,5
97,12
98,3
99,3
99,10
99,11
99,12
100,13
101,6
102,15
103,9
103,15
104,6
104,10
104,11
104,12
105,2
105,6
105,9
106,9
107,5
107,8
108,8
109,6
110,4
110,8
111,6
111,7
112,2
112,6
112,7
113,5
114,9
115,3
116,3
116,5
116,10
116,11
116,12
117,10
117,11
117,12
118,3
119,2
119,7
120,5
120,8
121,14
122,2
122,6
122,7
123,3
123,14
124,3
124,14
124,15
125,14
126,6
127,6
128,6
129,3
129,7
129,9
129,10
130,3
130,5
131,2
131,9
132,15
133,3
133,9
134,5
135,14
136,6
137,8
138,2
138,6
138,7
138,9
139,5
140,2
140,7
140,10
140,11
140,12
140,14
141,2
141,3
141,7
142,6
143,9
144,3
144,15
145,6
145,7
146,6
147,2
147,7
148,3
148,6
149,6
150,2
150,6
151,6
151,9
151,13
151,15
152,6
153,3
153,14
154,3
155,7
155,9
156,5
156,6
157,5
157,15
158,3
159,5
159,10
159,11
159,12
160,6
161,6
162,8
163,6
164,4
164,8
165,6
166,6
167,7
168,10
168,11
168,12
169,7
170,7
170,8
171,3
171,10
171,11
171,12
172,2
172,7
173,2
173,9
174,9
175,9
176,3
176,10
176,11
176,12
177,10
177,11
177,12
178,6
178,9
179,5
180,3
180,10
181,5
181,6
182,10
182,11
182,12
183,3
183,9
183,12
184,2
185,6
185,14
186,2
186,3
186,9
187,2
187,7
187,9
188,14
189,3
190,6
191,2
191,4
192,2
192,6
192,7
192,9
193,2
193,3
193,4
193,6
194,2
194,7
195,7
196,6
197,2
197,7
198,9
198,10
198,11
198,12
199,6
200,6
201,6
202,5
203,6
204,3
204,13
205,5
206,2
206,7
206,9
207,7
208,5
208,6
209,14
210,2
211,2
211,9
212,2
212,7
212,9
213,2
213,4
213,7
213,8
214,5
215,2
215,6
216,8
216,14
217,5
217,6
218,15
219,6
220,5
221,6
222,4
222,8
222,9
223,14
224,6
225,2
225,5
225,7
226,5
226,9
227,2
228,2
229,2
229,6
229,7
230,2
230,5
230,12
231,2
231,7
232,6
232,10
232,11
232,12
233,2
233,3
233,5
233,7
234,3
235,6
236,3
236,9
237,2
237,6
237,8
238,6
239,13
240,6
240,9
241,14
242,3
243,2
243,5
243,6
244,10
244,11
244,12
245,2
245,6
246,11
247,3
248,6
249,3
250,14
251,7
251,8
252,14
253,6
254,3
255,2
255,6
255,7
256,13
257,5
258,6
259,6
260,3
260,10
260,11
260,12
261,6
262,2
262,3
262,5
263,6
264,5
264,6
264,12
265,5
266,2
266,3
266,7
267,14
268,9
269,2
269,6
270,6
271,2
271,3
271,7
271,9
272,3
272,5
272,8
273,2
273,6
274,15
275,6
276,6
277,2
277,9
278,6
279,6
280,2
280,7
280,9
281,10
281,11
281,12
282,6
282,9
282,13
282,15
283,6
284,2
284,5
284,7
285,5
286,6
286,7
286,13
287,3
287,14
288,6
288,9
289,5
290,2
290,5
291,6
291,7
292,6
293,6
294,2
294,6
295,6
296,3
296,5
296,9
297,3
297,5
297,6
298,6
299,7
300,4
301,2
301,6
302,6
302,9
303,14
304,15
305,3
305,9
305,12
306,5
306,12
307,6
308,3
308,7
309,13
310,5
311,4
311,6
312,5
312,8
313,2
314,2
314,7
315,3
315,14
316,10
316,11
316,12
317,2
318,3
318,5
318,7
319,14
320,2
320,7
320,9
321,7
322,12
323,3
324,15
325,2
325,6
325,9
326,3
326,6
327,5
327,6
328,5
328,12
329,5
329,7
330,2
330,6
331,2
332,5
332,6
332,8
333,14
334,2
335,5
336,2
336,7
337,3
337,6
338,14
339,2
339,5
340,5
341,5
341,7
342,5
342,15
343,6
343,7
344,15
345,2
345,6
346,6
347,5
347,6
348,5
349,6
349,7
350,5
350,8
351,15
352,3
353,6
354,6
355,8
356,2
356,3
356,7
357,2
357,7
358,6
359,5
359,8
360,9
361,3
362,15
363,2
363,6
363,7
364,2
364,6
365,5
365,9
366,3
367,13
368,6
369,9
370,7
370,9
371,3
372,14
373,6
373,7
374,7
375,15
376,5
377,6
378,6
379,3
379,6
380,6
381,6
382,3
382,7
382,8
383,6
384,8
385,2
385,7
386,3
387,2
387,5
387,7
388,6
389,15
390,3
390,6
391,6
392,5
392,7
393,3
394,2
394,7
395,2
395,7
395,9
396,6
397,2
397,4
397,7
397,8
398,2
398,7
399,6
400,3
400,10
400,11
400,12
401,4
401,6
401,8
402,2
402,6
402,7
402,9
403,6
404,5
404,8
404,9
404,14
405,6
406,5
406,14
407,2
407,6
408,5
409,6
409,8
409,9
410,6
410,9
411,3
412,2
412,6
412,7
413,5
413,13
414,6
415,7
416,3
416,14
417,3
418,3
419,4
420,3
421,2
421,3
421,7
422,5
422,7
423,5
423,14
424,2
424,6
424,10
425,6
425,9
426,6
426,7
426,10
427,5
427,6
428,6
429,2
429,7
430,2
430,3
430,12
431,8
432,5
433,9
434,3
435,2
435,9
436,13
437,2
438,9
439,3
440,2
440,6
441,5
441,15
442,2
442,3
442,7
442,9
443,6
444,2
444,3
444,6
444,7
445,3
445,9
445,10
445,11
445,12
446,5
447,6
447,10
447,11
447,12
448,6
449,6
450,15
451,3
451,5
451,10
451,12
452,3
452,7
452,9
453,5
454,2
454,3
454,7
454,9
455,7
456,8
457,2
458,14
459,6
460,3
460,10
460,11
460,12
461,2
461,5
461,6
462,2
462,9
463,6
464,2
464,9
465,9
466,13
467,2
467,7
468,3
469,2
469,5
469,6
469,13
470,2
470,5
470,7
471,6
472,3
473,3
474,6
475,5
476,4
476,6
477,2
477,7
478,3
478,4
478,8
478,9
479,5
480,2
481,5
481,15
482,6
483,6
484,6
485,2
485,7
485,9
486,2
486,7
487,9
488,15
489,15
490,3
490,5
490,14
491,15
492,2
492,4
492,6
493,14
494,2
494,6
494,7
495,6
496,6
496,15
497,2
497,7
497,9
498,6
499,7
499,9
500,9
501,2
501,7
502,2
502,7
503,3
503,10
503,11
503,12
504,6
504,7
505,6
506,7
506,8
507,5
508,6
509,9
510,6
510,9
511,2
511,5
511,9
512,7
513,2
513,6
513,7
514,15
515,9
516,2
516,6
516,7
517,2
518,5
518,6
519,2
519,3
519,7
520,2
520,3
520,7
521,7
522,2
522,6
523,2
523,6
524,2
525,6
526,2
526,7
526,9
527,6
528,13
529,15
530,7
531,3
531,11
532,6
532,15
533,6
534,2
535,3
535,9
536,6
537,5
538,2
538,6
539,15
540,15
541,2
541,4
541,6
541,8
542,3
543,7
544,5
544,9
545,6
546,5
546,6
546,7
547,3
547,5
547,8
548,6
549,6
550,3
550,5
551,15
552,5
553,2
553,3
554,6
555,5
555,9
555,12
556,2
556,7
557,5
557,6
557,7
557,8
558,3
559,3
559,10
559,11
559,12
560,2
560,9
561,15
562,2
562,3
562,7
563,5
563,7
564,6
565,7
566,6
567,2
567,3
567,7
568,3
569,6
569,9
570,7
571,6
572,6
573,2
573,3
573,7
573,12
574,3
574,5
574,14
575,14
576,10
576,11
576,12
577,14
578,9
579,3
579,14
580,2
581,6
581,7
582,10
583,2
583,7
584,6
585,9
586,2
587,3
587,5
587,10
587,11
587,12
588,2
588,9
589,6
590,3
590,5
590,14
591,3
592,7
593,14
594,5
595,5
596,3
596,5
597,3
598,13
599,2
600,5
600,6
600,7
601,7
602,7
602,13
603,15
604,2
604,9
605,3
606,13
606,15
607,6
608,14
609,3
609,10
609,11
609,12
610,3
610,10
610,11
610,12
611,10
611,11
611,12
612,2
612,5
612,7
613,9
614,14
615,6
616,2
616,14
617,4
617,14
618,6
619,7
620,6
620,9
621,6
622,2
622,7
623,14
624,7
625,3
626,5
627,3
627,5
627,7
627,8
628,6
629,2
629,5
629,7
630,15
631,6
631,7
632,6
633,2
634,5
634,6
635,3
635,5
636,2
637,7
638,2
638,9
639,6
639,14
640,2
641,13
642,3
643,6
643,7
644,3
644,10
644,12
645,9
645,13
646,5
646,6
647,6
648,6
648,8
649,8
650,2
650,7
651,2
651,3
651,7
651,9
652,5
653,9
654,7
655,3
655,5
655,8
656,4
656,8
656,9
657,7
657,9
658,2
659,3
659,10
659,11
659,12
660,3
661,10
661,11
661,12
662,2
662,3
662,7
662,12
663,6
664,3
664,7
665,14
666,6
667,6
668,2
669,7
670,3
671,2
671,3
671,7
672,9
673,2
673,6
673,7
673,9
674,3
675,2
675,7
676,14
677,3
678,3
678,7
678,10
678,12
678,13
679,6
680,7
680,9
681,4
681,6
682,3
682,13
683,6
684,5
685,10
685,11
685,12
686,15
687,2
688,3
688,5
688,12
689,3
689,14
690,7
691,3
692,3
692,14
693,4
693,6
694,6
695,5
695,6
696,5
696,6
696,7
697,14
698,3
699,3
699,12
700,6
701,3
701,12
701,14
702,14
703,2
703,6
704,2
704,7
705,5
705,6
706,2
706,5
706,7
706,12
706,14
707,3
707,6
708,6
709,2
709,7
710,15
711,2
712,7
713,2
714,3
715,6
716,2
716,4
716,7
717,2
717,7
717,9
718,2
718,3
718,6
718,9
719,3
719,6
719,7
719,8
720,6
721,14
722,6
723,2
723,3
723,6
724,5
724,15
725,2
725,8
726,2
727,3
728,5
728,7
728,14
729,6
730,5
731,5
731,8
732,5
732,8
733,6
733,7
734,2
734,9
735,2
735,6
736,3
736,14
737,2
737,7
738,2
738,6
739,7
739,9
740,2
740,3
741,2
741,7
741,9
742,5
743,6
744,6
745,7
746,3
747,3
747,4
748,6
749,6
750,3
751,6
752,3
753,8
754,2
754,6
754,7
755,7
755,9
756,7
756,9
757,5
757,7
757,8
758,7
759,6
760,3
761,15
762,14
763,15
764,6
765,6
766,2
767,3
768,3
768,6
768,9
769,6
770,5
770,12
771,2
771,6
772,5
773,6
774,9
774,14
775,3
775,5
775,14
776,6
777,5
778,7
779,6
780,3
781,5
781,10
782,2
783,4
783,6
784,4
785,5
785,14
786,6
786,7
787,5
787,14
788,5
789,3
789,5
789,6
789,7
790,3
790,5
791,14
792,3
792,8
793,2
793,6
794,2
794,6
794,15
795,8
796,6
797,3
797,10
797,11
797,12
798,3
799,3
799,7
800,9
800,13
801,6
801,7
802,5
802,6
803,5
803,14
804,15
805,5
805,10
805,11
805,12
806,6
807,2
807,7
808,5
808,12
809,6
809,7
810,5
810,12
811,6
811,7
812,6
813,6
813,7
814,6
814,9
815,14
816,13
817,2
817,7
818,4
818,6
819,2
819,3
819,5
820,3
821,2
821,7
821,12
821,13
822,3
823,6
824,5
825,6
826,3
827,8
828,3
828,10
828,11
828,12
829,2
829,5
829,12
830,3
830,14
831,2
831,6
832,8
832,14
833,6
833,9
834,3
835,10
835,11
835,12
836,3
836,6
837,4
837,6
837,8
838,5
839,3
840,2
840,7
841,6
842,10
842,11
842,12
843,6
844,6
844,9
845,6
845,9
846,7
847,5
847,12
848,2
848,5
848,6
848,9
849,6
850,2
850,7
851,15
852,3
852,9
852,10
852,11
852,12
853,5
853,15
854,3
855,3
856,2
857,9
858,14
859,9
860,9
861,6
862,2
862,14
863,14
864,2
864,5
864,9
865,7
866,7
867,7
868,6
869,3
869,9
869,10
869,11
869,12
870,6
870,15
871,12
872,9
873,10
873,11
873,12
874,2
874,6
875,2
875,6
875,7
876,3
876,6
877,2
877,3
877,9
878,15
879,9
880,7
881,5
881,8
881,9
882,2
882,5
882,8
883,2
883,3
883,5
883,7
884,7
885,6
886,2
886,6
886,9
887,3
888,6
889,3
889,10
890,6
891,2
891,7
892,6
892,9
893,3
893,5
893,9
894,5
894,9
895,3
896,14
897,3
897,6
898,6
899,6
899,9
900,2
900,5
901,3
902,3
903,6
903,13
903,15
904,2
904,7
904,9
905,3
905,14
906,6
907,2
908,3
908,5
909,2
910,5
910,15
911,6
912,6
913,15
914,2
914,5
914,6
914,7
914,9
915,4
916,4
916,6
916,8
916,9
917,6
918,5
918,6
919,5
919,6
920,3
920,5
920,9
920,10
920,11
920,12
921,3
921,5
922,2
922,6
922,9
923,3
923,10
923,11
923,12
924,2
925,6
926,15
927,6
928,2
928,6
929,5
930,3
930,14
931,2
931,7
932,5
933,8
933,9
933,14
934,2
934,3
935,3
936,6
937,8
937,12
937,14
938,5
939,5
940,9
941,6
942,6
943,3
943,10
943,11
943,12
944,2
944,9
945,9
946,6
947,2
947,6
947,7
948,2
948,5
948,6
948,7
948,15
949,14
950,2
950,7
951,6
952,6
953,5
953,9
954,5
954,7
954,8
955,6
956,5
956,12
957,2
957,5
958,7
958,9
959,2
959,6
959,7
960,6
961,6
962,3
962,14
963,9
964,9
965,5
966,2
966,6
967,2
967,7
968,3
969,3
969,14
970,6
971,9
972,2
973,6
974,3
974,7
974,10
975,5
975,7
976,2
976,6
976,7
977,14
978,2
979,3
979,6
980,5
981,12
981,15
982,3
982,5
982,8
983,6
983,7
984,6
984,9
985,14
986,2
987,2
987,7
988,5
989,3
990,2
990,6
991,6
992,6
993,5
994,2
994,7
995,6
996,5
996,8
997,9
997,15
998,15
999,2
999,7
1000,2
1000,7
1001,6
1002,3
1002,10
1002,11
1002,12
1003,2
1003,7
1003,9
1004,3
1004,5
1005,9
1006,2
1007,15
1008,3
1009,2
1009,7
1010,3
1010,10
1011,15
1012,2
1012,3
1012,7
1013,2
1013,7
1014,15
1015,6
1015,7
1016,3
1016,6
1016,9
1017,5
1018,14
1019,6
1019,9
1020,2
1020,3
1020,9
1021,10
1021,11
1021,12
1022,5
1022,6
1022,7
1023,13
1024,6
1025,5
1025,7
1025,8
1026,2
1026,3
1026,7
1026,10
1026,11
1026,12
1027,9
1028,2
1029,15
1030,6
1031,2
1031,9
1032,5
1032,8
1033,2
1033,7
1033,9
1034,6
1035,6
1036,7
1037,2
1038,6
1039,2
1039,7
1039,8
1040,7
1040,8
1040,9
1041,5
1041,8
1042,6
1043,5
1043,12
1044,14
1045,6
1045,9
1046,6
1047,2
1047,7
1048,2
1048,6
1048,9
1049,2
1050,6
1051,3
1051,14
1052,3
1052,7
1053,15
1054,4
1054,6
1054,8
1055,2
1055,5
1056,3
1056,7
1057,10
1057,11
1057,12
1058,5
1058,9
1059,15
1060,2
1060,3
1061,2
1061,7
1062,5
1062,6
1062,8
1063,5
1063,6
1063,8
1064,3
1064,5
1064,8
1065,3
1065,10
1065,11
1065,12
1066,6
1067,6
1068,6
1069,2
1069,7
1070,9
1071,6
1071,9
1072,2
1072,9
1073,2
1073,7
1074,2
1074,6
1074,7
1075,6
1076,6
1077,3
1077,6
1078,3
1078,6
1079,7
1080,3
1081,3
1082,10
1082,11
1082,12
1083,7
1084,2
1085,2
1085,7
1086,6
1087,2
1087,7
1087,9
1088,5
1088,6
1089,4
1089,8
1090,5
1090,8
1091,6
1092,14
1093,9
1094,9
1095,3
1095,6
1095,9
1095,10
1095,11
1095,12
1095,15
1096,6
1097,6
1097,9
1098,6
1099,2
1099,5
1099,6
1099,9
1100,3
1101,3
1101,5
1102,7
1103,8
1104,6
1105,2
1105,3
1105,7
1106,9
1106,10
1106,11
1106,12
1107,14
1108,2
1108,3
1109,2
1109,9
1110,7
1111,2
1111,4
1111,7
1111,8
1112,14
1113,6
1114,9
1115,4
1116,2
1116,7
1117,6
1118,2
1119,15
1120,5
1120,14
1121,6
1122,3
1122,9
1123,2
1123,7
1124,3
1124,6
1124,9
1125,3
1126,10
1126,11
1126,12
1127,7
1127,8
1127,9
1128,6
1129,8
1130,5
1130,6
1131,15
1132,2
1132,6
1132,7
1132,9
1133,10
1133,11
1133,12
1134,3
1135,6
1136,6
1137,6
1138,6
1139,6
1140,5
1141,2
1141,4
1141,6
1141,8
1142,5
1142,9
1143,5
1144,2
1144,3
1144,7
1144,9
1145,6
1146,3
1146,5
1147,3
1148,5
1148,6
1149,2
1149,9
1150,10
1150,11
1150,12
1151,3
1151,6
1152,5
1153,3
1153,5
1153,8
1153,9
1154,2
1155,2
1155,5
1155,6
1156,6
1157,14
1158,14
1159,2
1160,2
1160,7
1161,2
1162,6
1163,6
1164,3
1165,6
1166,5
1167,14
1168,2
1169,6
1170,14
1171,7
1172,6
1172,7
1173,6
1173,12
1174,2
1174,4
1174,5
1174,8
1174,9
1174,10
1174,11
1174,12
1174,15
1175,2
1175,9
1176,3
1177,4
1177,6
1177,8
1178,14
1179,14
1180,6
1181,10
1181,11
1181,12
1182,2
1182,3
1183,4
1183,6
1183,8
1184,2
1184,7
1185,5
1185,6
1185,12
1186,5
1186,6
1186,10
1186,11
1186,12
1187,2
1187,14
1188,5
1188,8
1189,2
1190,14
1191,4
1192,3
1192,10
1192,11
1192,12
1193,14
1194,2
1194,3
1194,7
1195,9
1196,2
1197,3
1197,9
1198,2
1199,9
1200,3
1201,5
1202,2
1202,6
1202,7
1203,7
1204,3
1204,7
1204,9
1205,14
1205,15
1206,14
1207,6
1207,14
1208,6
1209,7
1210,9
1211,6
1212,3
1212,10
1212,11
1212,12
1213,2
1213,3
1213,6
1213,7
1214,3
1214,10
1214,11
1214,12
1215,9
1216,10
1216,11
1216,12
1217,14
1218,9
1219,6
1220,4
1220,6
1220,8
1221,9
1222,3
1222,6
1222,9
1223,6
1224,2
1224,3
1224,7
1225,14
1226,14
1227,2
1227,7
1227,9
1228,6
1229,8
1230,3
1231,5
1231,15
1232,6
1233,15
1234,3
1235,5
1236,6
1236,7
1237,2
1237,7
1237,10
1238,5
1238,6
1239,3
1239,12
1240,6
1241,6
1242,14
1243,6
1244,3
1245,3
1246,8
1247,2
1247,7
1248,6
1248,14
1249,6
1250,14
1251,2
1251,5
1251,7
1252,9
1253,3
1254,2
1254,6
1254,7
1255,2
1256,3
1256,9
1256,14
1257,2
1257,7
1258,6
1259,6
1260,6
1261,2
1261,3
1262,2
1262,3
1262,5
1262,6
1262,7
1263,6
1264,6
1265,2
1266,3
1266,10
1266,11
1266,12
1267,3
1267,8
1268,6
1269,14
1270,6
1271,6
1272,2
1272,5
1272,6
1273,2
1274,6
1275,14
1276,15
1277,3
1278,3
1279,2
1280,2
1280,6
1280,7
1281,2
1281,3
1282,3
1283,5
1284,2
1284,5
1284,6
1284,7
1285,6
1286,6
1287,5
1288,3
1289,8
1289,9
1290,5
1290,9
1291,6
1291,10
1291,11
1291,12
1292,5
1293,5
1293,14
1294,6
1295,9
1296,3
1296,6
1297,3
1297,5
1297,14
1298,2
1298,9
1299,6
1299,7
1299,8
1300,2
1300,3
1301,2
1301,6
1302,9
1303,9
1304,2
1304,7
1305,7
1306,2
1306,6
1307,3
1308,6
1309,8
1310,2
1310,6
1311,6
1312,14
1313,3
1314,6
1315,3
1316,6
1317,6
1318,12
1318,14
1319,3
1319,10
1319,11
1319,12
1320,14
1321,6
1322,6
1323,14
1324,6
1325,2
1325,9
1326,5
1327,6
1328,3
1328,7
1329,5
1330,6
1331,3
1331,13
1332,6
1332,10
1332,11
1332,12
1333,2
1333,6
1334,2
1334,6
1335,15
1336,3
1337,14
1338,5
1338,15
1339,2
1340,4
1340,6
1340,8
1340,9
1341,6
1342,6
1342,15
1343,2
1343,7
1343,9
1344,3
1345,2
1345,6
1345,9
1346,2
1346,7
1346,9
1347,3
1347,15
1348,2
1348,3
1348,6
1348,9
1349,14
1350,3
1351,6
1351,7
1352,3
1353,9
1354,3
1354,5
1354,8
1355,6
1356,6
1357,2
1357,9
1358,2
1359,2
1360,5
1361,3
1362,9
1363,6
1364,2
1364,6
1365,3
1366,15
1367,2
1368,14
1369,14
1370,2
1370,3
1370,6
1370,7
1371,3
1371,5
1371,10
1371,11
1371,12
1372,5
1373,2
1373,7
1374,6
1375,3
1375,5
1375,8
1376,5
1376,10
1376,11
1376,12
1377,2
1377,6
1378,9
1379,2
1379,9
1380,6
1380,7
1381,6
1382,2
1382,7
1383,3
1383,6
1383,9
1383,10
1383,11
1383,12
1384,9
1385,7
1386,3
1386,6
1387,7
1388,15
1389,9
1390,9
1390,10
1390,11
1390,12
1391,15
1392,6
1393,2
1394,14
1395,3
1396,15
1397,9
1398,3
1399,14
1400,3
1400,8
1400,14
1401,3
1401,5
1402,6
1402,14
1403,3
1404,2
1404,7
1404,9
1405,5
1406,6
1407,2
1407,3
1407,7
1408,2
1408,5
1409,2
1409,5
1410,2
1410,7
1411,2
1411,6
1412,2
1412,3
1412,6
1412,7
1413,15
1414,9
1415,2
1415,5
1415,7
1416,2
1416,7
1416,9
1417,2
1417,6
1418,3
1418,14
1418,15
1419,3
1419,5
1419,8
1420,6
1421,2
1421,4
1421,8
1422,2
1422,5
1422,7
1423,2
1423,5
1424,3
1424,14
1425,3
1425,7
1425,10
1425,11
1425,12
1425,15
1426,2
1426,5
1427,3
1428,3
1429,14
1430,6
1431,3
1431,6
1432,3
1432,6
1433,3
1434,5
1435,2
1435,6
1435,10
1436,3
1436,9
1437,5
1438,2
1438,6
1439,8
1440,6
1441,5
1441,6
1441,8
1442,3
1443,14
1444,2
1444,7
1445,6
1446,10
1446,11
1446,12
1447,9
1447,10
1447,11
1447,12
1448,9
1449,3
1449,5
1449,6
1449,7
1449,12
1450,9
1451,3
1452,14
1453,3
1453,14
1454,6
1455,5
1456,6
1457,2
1457,6
1458,6
1458,7
1459,6
1459,7
1460,6
1461,9
1462,2
1462,9
1463,5
1463,14
1464,5
1464,6
1464,8
1465,5
1466,6
1467,6
1468,9
1469,6
1470,6
1471,6
1472,3
1473,6
1473,14
1474,6
1475,3
1475,4
1476,5
1477,7
1477,8
1478,6
1479,2
1479,7
1480,2
1480,3
1480,7
1481,3
1481,9
1481,12
1482,2
1482,3
1482,9
1483,4
1483,8
1483,9
1484,3
1484,5
1485,3
1486,6
1486,7
1487,5
1488,6
1489,6
1489,7
1490,2
1490,4
1490,8
1491,7
1491,9
1492,3
1493,9
1493,10
1493,11
1493,12
1494,9
1495,15
1496,9
1496,10
1496,11
1496,12
1497,2
1497,3
1497,6
1497,7
1497,9
1498,7
1499,3
1499,5
1500,4
1501,2
1501,3
1501,7
1501,9
1502,5
1502,6
1503,6
1504,2
1505,15
1506,2
1506,3
1506,9
1506,12
1507,3
1508,6
1509,2
1509,7
1510,9
1511,2
1511,6
1512,2
1512,6
1513,3
1514,5
1514,6
1515,6
1516,2
1517,2
1517,7
1518,2
1518,9
1519,10
1519,11
1519,12
1520,5
1521,6
1521,7
1522,14
1523,5
1524,5
1524,6
1525,6
1526,7
1527,3
1527,6
1528,3
1528,6
1529,10
1529,11
1529,12
1530,6
1531,6
1532,3
1532,6
1532,10
1532,11
1532,12
1533,2
1533,9
1534,2
1534,4
1534,8
1534,9
1535,5
1536,3
1536,13
1537,2
1537,6
1538,6
1539,2
1539,6
1540,2
1540,3
1540,7
1541,3
1541,6
1541,7
1541,8
1542,2
1543,9
1544,2
1544,7
1545,5
1545,8
1545,9
1546,6
1547,3
1547,6
1548,2
1548,6
1548,7
1549,2
1549,7
1549,14
1550,2
1550,5
1550,6
1550,7
1551,6
1551,7
1552,5
1553,15
1554,2
1554,6
1555,3
1556,5
1556,6
1557,3
1558,5
1558,6
1558,8
1559,6
1560,5
1560,9
1561,3
1562,8
1563,2
1563,7
1564,4
1565,7
1566,3
1566,14
1567,9
1568,6
1569,3
1569,9
1570,7
1571,3
1571,6
1572,6
1572,7
1573,6
1574,2
1574,6
1574,9
1575,7
1576,2
1576,5
1576,7
1576,12
1577,7
1578,2
1578,7
1579,2
1580,2
1580,7
1581,6
1582,2
1582,9
1583,6
1583,9
1584,3
1584,10
1584,11
1584,12
1585,14
1586,15
1587,2
1587,3
1587,6
1587,7
1587,9
1588,2
1589,2
1589,7
1590,5
1590,14
1591,15
1592,2
1592,7
1593,5
1594,6
1595,2
1595,7
1596,3
1596,10
1596,11
1596,12
1597,3
1597,5
1597,7
1598,6
1598,14
1599,5
1599,6
1600,2
1600,7
1600,9
1601,3
1602,3
1603,5
1604,2
1604,7
1605,2
1605,7
1606,2
1606,7
1606,9
1607,2
1607,7
1607,9
1608,5
1609,2
1609,6
1609,7
1610,3
1610,5
1610,9
1610,14
1611,14
1612,3
1612,7
1612,9
1613,15
1614,4
1614,10
1614,11
1614,12
1615,3
1615,9
1615,10
1615,11
1615,12
1616,3
1617,2
1617,9
1618,6
1619,3
1619,10
1619,11
1619,12
1620,6
1621,15
1622,2
1623,2
1623,7
1623,9
1624,2
1624,9
1625,15
1626,2
1626,3
1626,5
1626,10
1627,8
1628,2
1629,5
1630,3
1631,5
1632,5
1633,6
1634,5
1635,6
1635,7
1636,6
1637,5
1638,3
1639,6
1640,3
1641,2
1642,2
1642,6
1642,9
1643,5
1643,6
1643,9
1643,13
1644,6
1645,3
1646,15
1647,6
1648,6
1649,5
1649,14
1650,2
1650,6
1651,3
1651,5
1652,6
1653,14
1654,14
1655,6
1656,2
1656,6
1656,7
1657,15
1658,3
1659,3
1660,5
1660,12
1661,3
1661,10
1661,11
1661,12
1662,3
1663,3
1663,14
1664,2
1664,5
1665,5
1665,6
1666,9
1666,13
1667,6
1668,2
1668,7
1668,9
1669,9
1669,15
1670,5
1670,6
1671,6
1671,9
1671,13
1672,6
1673,5
1674,2
1674,7
1675,3
1676,10
1676,11
1676,12
1677,2
1677,7
1678,3
1679,7
1680,3
1681,6
1682,6
1683,3
1683,15
1684,2
1685,6
1686,7
1687,3
1687,10
1687,11
1687,12
1688,2
1688,6
1689,2
1689,6
1690,2
1691,4
1691,8
1692,2
1693,2
1693,6
1693,7
1694,6
1695,5
1695,6
1696,13
1697,6
1698,5
1699,5
1700,5
1700,14
1701,3
1702,2
1702,3
1702,7
1703,3
1703,5
1704,2
1704,6
1704,7
1705,3
1706,6
1707,7
1707,9
1708,6
1709,14
1710,14
1711,5
1712,2
1712,4
1713,2
1713,6
1713,7
1713,9
1714,2
1714,6
1714,7
1715,3
1716,2
1716,7
1717,2
1717,7
1718,3
1719,6
1720,3
1720,5
1720,8
1721,2
1721,7
1722,2
1723,5
1724,2
1725,8
1726,2
1726,7
1727,2
1728,6
1729,10
1729,11
1729,12
1730,2
1731,2
1731,6
1732,15
1733,10
1733,11
1733,12
1734,14
1735,2
1736,2
1736,3
1736,7
1737,6
1737,14
1738,6
1739,14
1740,6
1741,9
1742,2
1742,6
1742,7
1743,2
1743,7
1744,2
1744,6
1745,2
1745,8
1746,6
1747,6
1748,2
1748,7
1749,9
1750,3
1750,8
1751,14
1752,5
1753,6
1754,6
1755,10
1755,11
1755,12
1756,3
1756,9
1757,5
1758,6
1759,5
1759,6
1760,3
1761,6
1762,6
1763,6
1764,2
1765,14
1766,10
1767,9
1768,6
1769,9
1770,6
1771,6
1772,2
1772,6
1772,7
1773,6
1774,2
1774,7
1775,2
1775,7
1775,9
1776,8
1777,14
1778,2
1779,9
1779,13
1780,2
1780,7
1781,2
1781,6
1781,7
1782,15
1783,15
1784,6
1785,6
1786,14
1787,6
1788,2
1788,7
1788,9
1789,9
1790,3
1790,5
1791,6
1792,6
1792,10
1792,11
1792,12
1793,2
1793,5
1794,6
1795,3
1796,9
1796,12
1797,3
1797,10
1797,11
1797,12
1798,2
1798,5
1799,5
1800,6
1801,2
1801,3
1801,7
1802,5
1802,10
1802,11
1802,12
1803,3
1804,6
1805,6
1806,3
1807,2
1808,6
1809,6
1810,6
1811,5
1811,6
1811,9
1812,2
1813,10
1813,11
1813,12
1814,6
1815,7
1815,8
1815,9
1816,15
1817,5
1818,6
1819,15
1820,2
1820,6
1820,7
1820,9
1821,6
1822,14
1823,6
1823,8
1824,6
1824,13
1825,2
1825,7
1826,6
1827,5
1827,6
1828,6
1829,2
1830,2
1830,3
1830,14
1831,8
1832,8
1833,3
1833,5
1834,9
1835,14
1836,13
1837,3
1837,5
1837,14
1838,3
1838,14
1839,6
1840,5
1840,8
1841,6
1842,6
1843,6
1844,9
1845,6
1845,14
1846,7
1847,2
1848,2
1848,6
1849,2
1849,7
1850,3
1850,12
1851,6
1851,12
1852,3
1853,5
1854,5
1855,2
1856,3
1857,2
1857,6
1858,6
1859,2
1859,3
1860,9
1860,13
1861,2
1862,3
1862,10
1862,11
1862,12
1863,3
1863,10
1864,4
1864,6
1864,8
1865,5
1865,6
1865,12
1866,6
1867,5
1867,14
1868,14
1869,5
1869,6
1870,9
1871,15
1872,5
1872,14
1873,3
1873,10
1873,11
1873,12
1874,6
1875,2
1875,3
1875,7
1876,3
1876,6
1877,8
1878,2
1878,6
1878,7
1878,9
1879,6
1880,5
1881,2
1882,3
1883,2
1884,2
1885,6
1885,9
1886,6
1887,2
1887,7
1887,9
1888,5
1889,2
1889,5
1890,5
1890,6
1891,5
1892,2
1892,5
1892,7
1893,6
1894,6
1895,5
1895,6
1895,12
1896,6
1896,9
1897,2
1897,5
1897,6
1897,7
1897,10
1897,11
1897,12
1898,2
1898,6
1899,9
1900,6
1901,2
1901,7
1901,9
1902,5
1903,6
1904,2
1904,9
1905,2
1906,5
1907,6
1908,6
1908,7
1908,9
1909,6
1909,15
1910,2
1910,7
1911,6
1912,3
1912,9
1913,2
1913,3
1913,6
1914,2
1914,3
1914,7
1914,9
1915,6
1916,2
1916,6
1916,7
1917,2
1917,6
1918,2
1918,5
1918,7
1918,8
1919,5
1919,6
1920,9
1921,2
1921,3
1921,7
1922,2
1922,6
1922,13
1923,2
1923,5
1923,7
1924,9
1924,10
1924,11
1924,12
1925,6
1926,6
1927,2
1927,6
1927,7
1928,7
1929,6
1929,7
1930,9
1931,3
1931,9
1931,14
1932,5
1932,9
1933,3
1933,5
1933,9
1934,6
1935,6
1936,6
1937,6
1937,9
1938,2
1938,7
1939,6
1940,6
1940,9
1941,14
1942,10
1942,11
1942,12
1942,15
1943,5
1943,6
1944,3
1944,7
1944,9
1945,5
1945,9
1946,2
1946,5
1947,2
1947,5
1947,6
1947,12
1947,15
1948,2
1948,5
1948,7
1949,5
1949,6
1950,2
1950,7
1951,2
1951,9
1952,3
1953,3
1954,8
1955,10
1955,11
1955,12
1956,15
1957,2
1957,6
1957,7
1958,3
1959,3
1959,7
1959,10
1960,3
1960,14
1961,6
1962,15
1963,2
1964,4
1965,6
1966,6
1967,6
1967,9
1968,3
1968,4
1969,3
1970,3
1970,6
1971,6
1972,6
1972,14
1973,11
1974,14
1975,2
1975,5
1975,7
1976,6
1977,7
1978,2
1978,7
1979,3
1979,5
1980,5
1980,6
1981,2
1981,4
1981,7
1982,6
1982,9
1983,6
1983,14
1984,2
1984,6
1984,7
1985,6
1986,2
1986,6
1986,13
1986,15
1987,6
1988,6
1988,10
1988,11
1988,12
1989,5
1990,3
1990,10
1991,3
1992,6
1993,6
1993,14
1993,15
1994,9
1995,2
1995,6
1995,14
1996,2
1997,2
1997,7
1998,5
1998,14
1999,2
1999,6
2000,6
2001,2
2001,7
2002,6
2003,3
2004,6
2004,7
2005,5
2006,6
2007,6
2008,2
2008,9
2009,2
2009,6
2009,9
2010,6
2011,3
2011,5
2011,10
2011,11
2011,12
2012,2
2012,7
2013,7
2013,8
2014,14
2015,6
2016,6
2017,2
2017,6
2018,5
2018,8
2019,3
2020,6
2021,6
2022,2
2022,5
2022,7
2023,2
2023,5
2023,6
2024,15
2025,3
2026,9
2027,2
2027,6
2027,7
2027,9
2028,2
2028,6
2029,2
2030,3
2031,5
2031,14
2032,6
2033,9
2034,6
2035,6
2036,6
2037,6
2038,3
2039,3
2039,5
2040,2
2040,4
2040,8
2041,6
2042,2
2043,3
2044,6
2045,3
2045,8
2045,15
2046,3
2046,8
2046,15
2047,6
2048,14
2049,5
2050,15
2051,2
2051,7
2051,9
2052,14
2053,15
2054,6
2054,10
2054,11
2054,12
2055,5
2055,7
2056,7
2057,5
2057,12
2058,14
2059,6
2060,4
2060,6
2061,2
2061,4
2061,8
2061,9
2062,7
2063,2
2063,7
2064,6
2065,6
2066,3
2067,6
2067,7
2067,9
2068,5
2068,6
2068,7
2068,12
2069,6
2070,10
2070,11
2070,12
2071,3
2071,9
2072,13
2073,6
2073,14
2074,2
2074,7
2075,5
2075,6
2076,2
2077,2
2077,7
2078,6
2079,6
2080,3
2080,14
2081,6
2082,6
2082,8
2083,2
2083,3
2083,5
2083,7
2084,2
2084,15
2085,2
2086,15
2087,15
2088,14
2089,9
2090,2
2090,5
2090,7
2091,6
2092,3
2093,6
2094,5
2095,2
2095,6
2096,15
2097,3
2097,5
2097,14
2098,5
2098,15
2099,3
2099,14
2100,5
2100,6
2100,12
2101,2
2101,4
2101,5
2101,7
2101,8
2102,2
2102,7
2103,6
2104,6
2105,8
2106,15
2107,9
2108,15
2109,3
2109,5
2109,11
2110,2
2110,3
2110,7
2110,9
2111,3
2111,9
2112,2
2112,7
2113,3
2114,3
2115,2
2115,5
2116,4
2116,6
2116,8
2117,6
2118,9
2119,6
2120,14
2121,9
2122,6
2123,6
2124,6
2125,6
2126,2
2126,7
2127,15
2128,6
2129,6
2130,6
2131,5
2132,6
2133,3
2134,2
2134,9
2135,2
2135,5
2136,3
2137,5
2137,9
2138,2
2138,9
2139,2
2139,7
2140,2
2140,6
2140,7
2140,9
2141,2
2141,4
2141,8
2142,13
2143,3
2143,6
2143,9
2144,5
2144,6
2145,3
2145,14
2146,3
2146,5
2146,7
2147,9
2148,3
2148,9
2148,10
2148,11
2148,12
2149,3
2149,14
2150,2
2150,7
2151,3
2151,6
2151,13
2152,2
2152,7
2153,6
2154,2
2154,7
2155,2
2155,7
2155,9
2156,15
2157,9
2158,14
2159,3
2159,9
2160,2
2160,3
2161,3
2161,5
2161,14
2162,2
2162,7
2162,9
2163,6
2164,6
2165,2
2165,3
2165,6
2165,7
2166,7
2167,7
2168,7
2169,7
2170,3
2170,6
2170,13
2171,6
2171,7
2172,8
2172,9
2172,13
2173,4
2173,6
2173,8
2174,5
2175,3
2176,6
2177,2
2177,7
2177,9
2178,6
2179,6
2180,12
2181,2
2181,8
2182,2
2182,7
2183,5
2184,2
2184,9
2185,2
2186,6
2186,7
2187,6
2187,7
2188,2
2188,7
2188,9
2189,5
2189,7
2190,6
2190,8
2191,5
2191,6
2192,5
2193,2
2194,6
2195,3
2195,6
2196,2
2197,14
2198,9
2199,3
2199,14
2200,6
2201,2
2201,6
2201,13
2202,2
2202,6
2203,2
2203,7
2203,8
2204,14
2205,2
2205,6
2206,9
2207,2
2207,7
2207,9
2208,6
2209,3
2210,6
2211,4
2211,5
2211,6
2211,8
2212,3
2213,5
2213,6
2213,12
2214,14
2215,9
2216,3
2216,12
2217,6
2218,10
2219,15
2220,3
2220,14
2221,6
2222,3
2223,6
2224,2
2224,7
2224,9
2225,2
2225,4
2225,8
2226,8
2227,2
2227,6
2228,15
2229,2
2229,9
2230,3
2231,2
2232,3
2233,2
2233,6
2233,13
2233,15
2234,3
2234,14
2234,15
2235,5
2236,2
2236,7
2237,6
2238,3
2238,10
2239,14
2240,5
2241,5
2242,3
2242,6
2243,5
2244,5
2245,2
2245,7
2246,6
2247,2
2247,7
2248,9
2249,5
2249,7
2250,2
2250,4
2250,8
2251,5
2252,6
2252,10
2252,11
2252,12
2253,2
2253,7
2253,8
2254,7
2255,2
2255,9
2256,6
2257,15
2258,6
2258,10
2258,11
2258,12
2259,6
2260,2
2260,6
2261,5
2261,8
2262,6
2263,10
2263,11
2263,12
2264,2
2264,7
2264,9
2265,3
2265,5
2266,14
2267,6
2267,7
2268,6
2269,2
2269,5
2269,6
2270,6
2271,3
2272,5
2273,3
2273,12
2274,2
2274,6
2274,9
2275,3
2275,10
2275,11
2275,12
2276,2
2277,7
2278,5
2279,6
2280,2
2280,3
2280,7
2280,12
2281,5
2282,3
2282,5
2282,6
2283,3
2284,9
2285,14
2286,5
2286,9
2286,15
2287,3
2287,5
2287,9
2288,2
2288,3
2288,7
2289,6
2290,2
2291,3
2291,5
2291,6
2291,12
2292,7
2293,5
2293,6
2294,2
2294,9
2295,2
2296,2
2296,3
2297,15
2298,9
2299,3
2299,5
2299,6
2299,7
2300,3
2300,14
2301,6
2302,2
2303,9
2304,2
2305,6
2306,4
2306,8
2307,3
2307,7
2308,3
2309,10
2309,11
2309,12
2310,6
2311,3
2312,13
2312,15
2313,2
2313,4
2313,8
2314,6
2314,14
2315,5
2316,5
2316,6
2317,3
2318,3
2318,5
2318,6
2319,7
2320,2
2320,9
2321,15
2322,15
2323,13
2324,15
2325,2
2325,6
2325,7
2325,8
2325,9
2326,7
2327,3
2327,10
2327,11
2327,12
2328,6
2329,14
2330,2
2330,4
2330,6
2330,8
2331,2
2331,5
2331,7
2332,3
2332,10
2332,11
2332,12
2333,5
2334,2
2334,5
2335,3
2336,5
2337,3
2337,14
2338,15
2339,2
2339,3
2339,7
2339,12
2340,4
2340,8
2341,9
2342,5
2342,6
2342,8
2343,5
2343,6
2344,3
2345,9
2346,2
2346,9
2347,5
2348,9
2349,2
2349,7
2350,7
2351,7
2352,9
2353,8
2354,5
2354,7
2355,9
2356,15
2357,6
2358,3
2358,10
2358,11
2358,12
2359,2
2359,7
2359,9
2360,2
2360,3
2360,5
2360,9
2361,14
2362,6
2363,3
2364,7
2364,8
2365,9
2365,13
2366,14
2367,2
2367,7
2368,6
2369,7
2369,8
2370,2
2370,3
2371,2
2372,13
2373,5
2374,3
2375,3
2375,5
2375,8
2376,6
2376,7
2377,5
2378,3
2378,5
2379,3
2379,6
2380,5
2381,6
2382,6
2382,7
2383,6
2383,10
2383,11
2383,12
2384,6
2385,3
2386,2
2386,7
2387,6
2388,2
2388,5
2388,9
2389,3
2390,5
2390,7
2390,8
2391,6
2392,3
2392,9
2393,2
2393,7
2394,6
2395,3
2395,10
2395,11
2395,12
2396,5
2396,6
2397,5
2397,13
2398,6
2399,6
2400,2
2400,6
2401,3
2401,10
2401,12
2402,3
2403,7
2404,2
2404,7
2405,5
2405,14
2406,6
2407,2
2407,3
2407,7
2408,3
2408,10
2408,11
2408,12
2409,15
2410,6
2411,3
2411,10
2411,11
2411,12
2412,2
2412,7
2412,9
2413,2
2413,7
2414,7
2415,6
2416,2
2416,6
2416,7
2416,9
2417,5
2417,6
2418,14
2419,3
2419,14
2420,15
2421,13
2421,14
2422,5
2422,9
2423,2
2423,7
2424,14
2425,2
2425,7
2426,2
2426,6
2426,7
2426,8
2427,3
2428,7
2429,7
2430,2
2430,6
2430,9
2430,12
2431,3
2432,2
2433,2
2433,8
2434,14
2435,2
2435,3
2435,5
2435,6
2435,8
2436,7
2436,8
2437,3
2437,5
2437,10
2437,11
2437,12
2438,2
2438,6
2439,6
2440,4
2441,9
2442,5
2443,2
2443,6
2443,7
2444,2
2445,5
2446,3
2446,7
2447,2
2447,6
2448,6
2449,9
2450,7
2451,7
2452,6
2453,7
2454,5
2454,7
2454,12
2455,2
2455,6
2456,6
2457,6
2458,8
2459,2
2459,9
2460,5
2461,6
2462,6
2463,7
2464,14
2465,3
2466,6
2467,6
2468,6
2469,2
2469,7
2470,12
2471,7
2472,7
2473,6
2474,15
2475,15
2476,3
2477,10
2477,11
2477,12
2478,6
2479,9
2480,5
2480,7
2481,6
2482,6
2483,5
2484,2
2484,6
2485,2
2486,3
2486,7
